"ZE1 0AA",10,60.1532216591587,-1.14159538889446,179,"S00","SZ9","00","RD","MF"
"ZE1 0AB",10,60.1530705449111,-1.14044655414199,179,"S00","SZ9","00","RD","MG"
"ZE1 0AD",10,60.1532216591587,-1.14159538889446,179,"S00","SZ9","00","RD","MF"
"ZE1 0AE",10,60.1526523256826,-1.14103384704719,179,"S00","SZ9","00","RD","MF"
"ZE1 0AF",10,60.1523615929716,-1.13774528868181,179,"S00","SZ9","00","RD","MG"
"ZE1 0AG",10,60.1523920707198,-1.13967174404286,179,"S00","SZ9","00","RD","MG"
"ZE1 0AH",10,60.1514853576665,-1.136939709418,179,"S00","SZ9","00","RD","MG"
"ZE1 0AJ",10,60.1530127203921,-1.14122258113117,179,"S00","SZ9","00","RD","MF"
"ZE1 0AL",10,60.1523708625153,-1.14055487113527,179,"S00","SZ9","00","RD","MG"
"ZE1 0AN",10,60.1526134390842,-1.1378107432951,179,"S00","SZ9","00","RD","MG"
"ZE1 0AP",10,60.1519604756131,-1.13681919180424,179,"S00","SZ9","00","RD","MG"
"ZE1 0AQ",10,60.1515075946697,-1.14036126018205,179,"S00","SZ9","00","RD","MG"
"ZE1 0AR",10,60.1511775190477,-1.14069407285004,179,"S00","SZ9","00","RD","MG"
"ZE1 0AS",10,60.1505987365521,-1.14006078480498,179,"S00","SZ9","00","RD","MG"
"ZE1 0AT",10,60.1506080731419,-1.14288822563097,179,"S00","SZ9","00","RD","MG"
"ZE1 0AU",10,60.1523478536394,-1.13839406915903,179,"S00","SZ9","00","RD","MG"
"ZE1 0AW",10,60.1519333541249,-1.13817076232595,179,"S00","SZ9","00","RD","MG"
"ZE1 0AX",10,60.1494856091506,-1.14010785216649,179,"S00","SZ9","00","RD","MG"
"ZE1 0AZ",10,60.1566302584417,-1.14521743353346,179,"S00","SZ9","00","RD","MF"
"ZE1 0BA",10,60.1510315943979,-1.13758198223345,179,"S00","SZ9","00","RD","MG"
"ZE1 0BB",10,60.1497795676543,-1.1342288255128,179,"S00","SZ9","00","RD","MG"
"ZE1 0BD",10,60.1532435790104,-1.14220723142174,179,"S00","SZ9","00","RD","MF"
"ZE1 0BE",10,60.1518267215671,-1.1424962879939,179,"S00","SZ9","00","RD","MF"
"ZE1 0BF",10,60.1526722650227,-1.14133952868296,179,"S00","SZ9","00","RD","MF"
"ZE1 0BG",10,60.1518794977379,-1.13541642167694,179,"S00","SZ9","00","RD","MG"
"ZE1 0BH",10,60.1508556238836,-1.13675808901037,179,"S00","SZ9","00","RD","MG"
"ZE1 0BJ",10,60.1526377503084,-1.1429434820362,179,"S00","SZ9","00","RD","MF"
"ZE1 0BL",10,60.1524487511052,-1.14287635278857,179,"S00","SZ9","00","RD","MF"
"ZE1 0BN",10,60.1519420232284,-1.14366403099725,179,"S00","SZ9","00","RD","MF"
"ZE1 0BP",10,60.1512995984736,-1.14151939920838,179,"S00","SZ9","00","RD","MG"
"ZE1 0BQ",10,60.1507326979587,-1.14410971689087,179,"S00","SZ9","00","RD","MG"
"ZE1 0BR",10,60.1516723155285,-1.14500387913347,179,"S00","SZ9","00","RD","MG"
"ZE1 0BS",10,60.1521873314998,-1.14410794331734,179,"S00","SZ9","00","RD","MF"
"ZE1 0BT",10,60.151614928472,-1.14585189841702,179,"S00","SZ9","00","RD","MG"
"ZE1 0BU",10,60.1514862649756,-1.14261321806984,179,"S00","SZ9","00","RD","MG"
"ZE1 0BW",10,60.1514174708539,-1.14308329907686,179,"S00","SZ9","00","RD","MG"
"ZE1 0BX",10,60.1510317204121,-1.14592105375598,179,"S00","SZ9","00","RD","MG"
"ZE1 0BY",10,60.1524084126089,-1.14219295740818,179,"S00","SZ9","00","RD","MF"
"ZE1 0BZ",10,60.1522015740372,-1.14214430912881,179,"S00","SZ9","00","RD","MF"
"ZE1 0DA",10,60.1521766555826,-1.14662984169713,179,"S00","SZ9","00","RD","MF"
"ZE1 0DB",10,60.150380517859,-1.14658631890016,179,"S00","SZ9","00","RD","MG"
"ZE1 0DD",10,60.151103429586,-1.14869288646957,179,"S00","SZ9","00","RD","MG"
"ZE1 0DE",10,60.1576253952526,-1.15477534375983,179,"S00","SZ9","00","RD","MF"
"ZE1 0DG",10,60.1691631074354,-1.16887774926961,179,"S00","SZ9","00","RD","MF"
"ZE1 0DH",10,60.1454537286318,-1.17251920945378,179,"S00","SZ9","00","RD","MG"
"ZE1 0DJ",10,60.1511932713263,-1.1473037149904,179,"S00","SZ9","00","RD","MG"
"ZE1 0DL",10,60.1534830588346,-1.1431376342186,179,"S00","SZ9","00","RD","MF"
"ZE1 0DP",10,60.153578306114,-1.14398173679698,179,"S00","SZ9","00","RD","MF"
"ZE1 0DQ",10,60.1535507911692,-1.14389239022126,179,"S00","SZ9","00","RD","MF"
"ZE1 0DR",10,60.1532247750908,-1.14485550807401,179,"S00","SZ9","00","RD","MF"
"ZE1 0DS",10,60.1534318693837,-1.14355324810413,179,"S00","SZ9","00","RD","MF"
"ZE1 0DT",10,60.1528829221205,-1.14475631146728,179,"S00","SZ9","00","RD","MF"
"ZE1 0DU",10,60.1496494364513,-1.14183255566011,179,"S00","SZ9","00","RD","MG"
"ZE1 0DW",10,60.1536942916888,-1.1452576035445,179,"S00","SZ9","00","RD","MF"
"ZE1 0DX",10,60.152543857679,-1.14508932720728,179,"S00","SZ9","00","RD","MF"
"ZE1 0EA",10,60.1526999953986,-1.14423871698913,179,"S00","SZ9","00","RD","MF"
"ZE1 0EB",10,60.1528339644106,-1.14412716474542,179,"S00","SZ9","00","RD","MF"
"ZE1 0ED",10,60.1528023170988,-1.14618134608143,179,"S00","SZ9","00","RD","MF"
"ZE1 0EE",10,60.1500099207875,-1.13926568731768,179,"S00","SZ9","00","RD","MG"
"ZE1 0EF",10,60.1449206987515,-1.16912916862307,179,"S00","SZ9","00","RD","MG"
"ZE1 0EG",10,60.1536898415581,-1.14596020284618,179,"S00","SZ9","00","RD","MF"
"ZE1 0EH",10,60.1532216591587,-1.14159538889446,179,"S00","SZ9","00","RD","MF"
"ZE1 0EJ",10,60.1525551582344,-1.14544926962061,179,"S00","SZ9","00","RD","MF"
"ZE1 0EL",10,60.1533977506662,-1.14661621725875,179,"S00","SZ9","00","RD","MF"
"ZE1 0EN",10,60.1533562234332,-1.1471396475699,179,"S00","SZ9","00","RD","MF"
"ZE1 0EP",10,60.1524158727356,-1.14752422942885,179,"S00","SZ9","00","RD","MF"
"ZE1 0EQ",10,60.1527323419184,-1.14926319088199,179,"S00","SZ9","00","RD","MF"
"ZE1 0ER",10,60.1556313929991,-1.15046726220532,179,"S00","SZ9","00","RD","MF"
"ZE1 0ES",10,60.1563214927009,-1.14886424351585,179,"S00","SZ9","00","RD","MF"
"ZE1 0ET",10,60.1531951778466,-1.15002575798809,179,"S00","SZ9","00","RD","MF"
"ZE1 0EU",10,60.1549053839162,-1.14787409467017,179,"S00","SZ9","00","RD","MF"
"ZE1 0EW",10,60.1563188721917,-1.1498550721703,179,"S00","SZ9","00","RD","MF"
"ZE1 0EX",10,60.1540872472641,-1.14353620650967,179,"S00","SZ9","00","RD","MF"
"ZE1 0EY",10,60.144797785647,-1.17532684145454,179,"S00","SZ9","00","RD","MG"
"ZE1 0EZ",10,60.154207797474,-1.14412749066663,179,"S00","SZ9","00","RD","MF"
"ZE1 0FB",10,60.1640253979631,-1.16434078236309,179,"S00","SZ9","00","RD","MF"
"ZE1 0FL",10,60.152341826776,-1.14023141848638,179,"S00","SZ9","00","RD","MG"
"ZE1 0FN",10,60.1526094073316,-1.13995425666057,179,"S00","SZ9","00","RD","MG"
"ZE1 0GA",10,60.1495028534069,-1.17243551451731,179,"S00","SZ9","00","RD","MG"
"ZE1 0GB",10,60.1501593371687,-1.1711582937679,179,"S00","SZ9","00","RD","MG"
"ZE1 0GD",10,60.1496778284109,-1.16882908839832,179,"S00","SZ9","00","RD","MG"
"ZE1 0GE",10,60.1484693883499,-1.17229938967393,179,"S00","SZ9","00","RD","MG"
"ZE1 0GF",10,60.146551029371,-1.16280310454385,179,"S00","SZ9","00","RD","MG"
"ZE1 0GG",10,60.1528231384776,-1.14245233590922,179,"S00","SZ9","00","RD","MF"
"ZE1 0GH",10,60.1524962085662,-1.14188447105087,179,"S00","SZ9","00","RD","MF"
"ZE1 0GJ",10,60.1521801164473,-1.14299141254704,179,"S00","SZ9","00","RD","MF"
"ZE1 0GN",10,60.1520439195614,-1.14414769272259,179,"S00","SZ9","00","RD","MF"
"ZE1 0GQ",10,60.1510915468429,-1.14545121700618,179,"S00","SZ9","00","RD","MG"
"ZE1 0HA",10,60.1543519922344,-1.14560079078581,179,"S00","SZ9","00","RD","MF"
"ZE1 0HB",10,60.1542842318014,-1.14623299409742,179,"S00","SZ9","00","RD","MF"
"ZE1 0HD",10,60.1549540377287,-1.14706224670028,179,"S00","SZ9","00","RD","MF"
"ZE1 0HE",10,60.1544462182434,-1.1448958464836,179,"S00","SZ9","00","RD","MF"
"ZE1 0HF",10,60.1570469518865,-1.14578307389488,179,"S00","SZ9","00","RD","MF"
"ZE1 0HG",10,60.1539100775902,-1.15510484960448,179,"S00","SZ9","00","RD","MG"
"ZE1 0HH",10,60.1615333585826,-1.17072787157897,179,"S00","SZ9","00","RD","MF"
"ZE1 0HJ",10,60.156455178752,-1.15150883298098,179,"S00","SZ9","00","RD","MF"
"ZE1 0HL",10,60.1558667939229,-1.15357753973087,179,"S00","SZ9","00","RD","MF"
"ZE1 0HN",10,60.1551829468977,-1.15617100197112,179,"S00","SZ9","00","RD","MF"
"ZE1 0HP",10,60.1556396285648,-1.15738421562856,179,"S00","SZ9","00","RD","MF"
"ZE1 0HQ",10,60.1562767094491,-1.15731387462187,179,"S00","SZ9","00","RD","MF"
"ZE1 0HR",10,60.1549971176308,-1.15801309857753,179,"S00","SZ9","00","RD","MF"
"ZE1 0HS",10,60.154662421048,-1.15762537083387,179,"S00","SZ9","00","RD","MF"
"ZE1 0HT",10,60.1567915352969,-1.15778708150325,179,"S00","SZ9","00","RD","MF"
"ZE1 0HU",10,60.1542699615886,-1.15662669724524,179,"S00","SZ9","00","RD","MF"
"ZE1 0HW",10,60.1561782558485,-1.15313720505193,179,"S00","SZ9","00","RD","MF"
"ZE1 0HX",10,60.1547283923894,-1.14409594953548,179,"S00","SZ9","00","RD","MF"
"ZE1 0HY",10,60.1551476723912,-1.14367074978694,179,"S00","SZ9","00","RD","MF"
"ZE1 0JB",10,60.1547423308257,-1.14625714520614,179,"S00","SZ9","00","RD","MF"
"ZE1 0JD",10,60.1545288770315,-1.14518190631344,179,"S00","SZ9","00","RD","MF"
"ZE1 0JE",10,60.1548757213574,-1.14605554394408,179,"S00","SZ9","00","RD","MF"
"ZE1 0JF",10,60.1397726698468,-1.18602135644694,179,"S00","SZ9","00","RD","MG"
"ZE1 0JH",10,60.1497328164138,-1.13669746054657,179,"S00","SZ9","00","RD","MG"
"ZE1 0JJ",10,60.1532216591587,-1.14159538889446,179,"S00","SZ9","00","RD","MF"
"ZE1 0JL",10,60.1548777326729,-1.14497470845454,179,"S00","SZ9","00","RD","MF"
"ZE1 0JN",10,60.1555584969992,-1.14610989448324,179,"S00","SZ9","00","RD","MF"
"ZE1 0JP",10,60.1564371104991,-1.14729404595464,179,"S00","SZ9","00","RD","MF"
"ZE1 0JS",10,60.1557299506646,-1.14763659832578,179,"S00","SZ9","00","RD","MF"
"ZE1 0JT",10,60.1564532673842,-1.14841049018198,179,"S00","SZ9","00","RD","MF"
"ZE1 0JW",10,60.1534949218921,-1.14497458047259,179,"S00","SZ9","00","RD","MF"
"ZE1 0JX",10,60.1558872713638,-1.1511631921452,179,"S00","SZ9","00","RD","MF"
"ZE1 0JZ",10,60.1443840213234,-1.17955089189531,179,"S00","SZ9","00","RD","MG"
"ZE1 0LA",10,60.1544311382672,-1.15093052790411,179,"S00","SZ9","00","RD","MF"
"ZE1 0LB",10,60.1526548033532,-1.15117444736079,179,"S00","SZ9","00","RD","MG"
"ZE1 0LD",10,60.1516731933213,-1.14932656805769,179,"S00","SZ9","00","RD","MG"
"ZE1 0LE",10,60.1527393887168,-1.15036173329864,179,"S00","SZ9","00","RD","MF"
"ZE1 0LF",10,60.1541728686391,-1.15266640069657,179,"S00","SZ9","00","RD","MG"
"ZE1 0LJ",10,60.1514161881783,-1.14985552855041,179,"S00","SZ9","00","RD","MG"
"ZE1 0LL",10,60.1551549045113,-1.1434003635692,179,"S00","SZ9","00","RD","MF"
"ZE1 0LN",10,60.1514674267397,-1.15084482098502,179,"S00","SZ9","00","RD","MG"
"ZE1 0LP",10,60.1456972990091,-1.17847372879623,179,"S00","SZ9","00","RD","MG"
"ZE1 0LQ",10,60.1570469518865,-1.14578307389488,179,"S00","SZ9","00","RD","MF"
"ZE1 0LR",10,60.1560280502797,-1.14512498134497,179,"S00","SZ9","00","RD","MF"
"ZE1 0LT",10,60.1570469518865,-1.14578307389488,179,"S00","SZ9","00","RD","MF"
"ZE1 0LU",10,60.1529333182379,-1.1428277193541,179,"S00","SZ9","00","RD","MF"
"ZE1 0LW",10,60.1567516136434,-1.14593484698862,179,"S00","SZ9","00","RD","MF"
"ZE1 0LX",10,60.1570469518865,-1.14578307389488,179,"S00","SZ9","00","RD","MF"
"ZE1 0LY",10,60.1450603679366,-1.17135859261566,179,"S00","SZ9","00","RD","MG"
"ZE1 0LZ",10,60.1589443965059,-1.14622026690037,179,"S00","SZ9","00","RD","MF"
"ZE1 0NA",10,60.1620547705219,-1.1853084349559,179,"S00","SZ9","00","RD","MF"
"ZE1 0ND",10,60.1577090000784,-1.14819787235802,179,"S00","SZ9","00","RD","MF"
"ZE1 0NE",10,60.162741028572,-1.16857141343472,179,"S00","SZ9","00","RD","MF"
"ZE1 0NF",10,60.1618452492772,-1.17178300824173,179,"S00","SZ9","00","RD","MF"
"ZE1 0NG",10,60.1622708498238,-1.16948413839386,179,"S00","SZ9","00","RD","MF"
"ZE1 0NH",10,60.15861180879,-1.15175952259273,179,"S00","SZ9","00","RD","MF"
"ZE1 0NJ",10,60.1575153070808,-1.14879736051965,179,"S00","SZ9","00","RD","MF"
"ZE1 0NL",10,60.1570472282803,-1.15001641243851,179,"S00","SZ9","00","RD","MF"
"ZE1 0NN",10,60.1607569263344,-1.17292738706092,179,"S00","SZ9","00","RD","MF"
"ZE1 0NP",10,60.1571484333404,-1.15320232859035,179,"S00","SZ9","00","RD","MF"
"ZE1 0NQ",10,60.1570876459477,-1.1549332590974,179,"S00","SZ9","00","RD","MF"
"ZE1 0NR",10,60.1569389261164,-1.15554955672365,179,"S00","SZ9","00","RD","MF"
"ZE1 0NS",10,60.1563192481856,-1.15412433996781,179,"S00","SZ9","00","RD","MF"
"ZE1 0NT",10,60.1575581305398,-1.15690278090904,179,"S00","SZ9","00","RD","MF"
"ZE1 0NU",10,60.1593071221359,-1.17370243242716,179,"S00","SZ9","00","RD","MF"
"ZE1 0NW",10,60.1532738012221,-1.15530129237715,179,"S00","SZ9","00","RD","MG"
"ZE1 0NX",10,60.1585365478551,-1.15826488893802,179,"S00","SZ9","00","RD","MF"
"ZE1 0NY",10,60.1579595410022,-1.15366786959893,179,"S00","SZ9","00","RD","MF"
"ZE1 0NZ",10,60.1606426696547,-1.17188532030643,179,"S00","SZ9","00","RD","MF"
"ZE1 0PA",10,60.157502956118,-1.15811116250361,179,"S00","SZ9","00","RD","MF"
"ZE1 0PB",10,60.1576693592799,-1.15886351973917,179,"S00","SZ9","00","RD","MF"
"ZE1 0PD",10,60.1558206159561,-1.15901881746856,179,"S00","SZ9","00","RD","MF"
"ZE1 0PE",10,60.1576253952526,-1.15477534375983,179,"S00","SZ9","00","RD","MF"
"ZE1 0PF",10,60.1641282370001,-1.1621399667659,179,"S00","SZ9","00","RD","MF"
"ZE1 0PG",10,60.163483292781,-1.16096720928096,179,"S00","SZ9","00","RD","MF"
"ZE1 0PH",10,60.1597377433898,-1.15794593346224,179,"S00","SZ9","00","RD","MF"
"ZE1 0PJ",10,60.153353773415,-1.15940602175112,179,"S00","SZ9","00","RD","MG"
"ZE1 0PL",10,60.1530112456016,-1.15919861910026,179,"S00","SZ9","00","RD","MG"
"ZE1 0PN",10,60.1580871368823,-1.15960946967755,179,"S00","SZ9","00","RD","MF"
"ZE1 0PP",10,60.1591130716021,-1.15855641321173,179,"S00","SZ9","00","RD","MF"
"ZE1 0PQ",10,60.1603989556643,-1.15884784327895,179,"S00","SZ9","00","RD","MF"
"ZE1 0PR",10,60.1630396445631,-1.16180731915011,179,"S00","SZ9","00","RD","MF"
"ZE1 0PS",10,60.1669639807756,-1.16471667933069,179,"S00","SZ9","00","RD","MF"
"ZE1 0PT",10,60.1706787173633,-1.17001088680358,179,"S00","SZ9","00","RD","MF"
"ZE1 0PU",10,60.1877209828775,-1.15292023576729,179,"S00","SZ9","00","RD","MF"
"ZE1 0PW",10,60.1622337417188,-1.15932346550641,179,"S00","SZ9","00","RD","MF"
"ZE1 0PX",10,60.1693525139365,-1.1661518068618,179,"S00","SZ9","00","RD","MF"
"ZE1 0PY",10,60.1769379335622,-1.15730755473266,179,"S00","SZ9","00","RD","MF"
"ZE1 0PZ",10,60.1700695219718,-1.17310789216098,179,"S00","SZ9","00","RD","MF"
"ZE1 0QA",10,60.1535138048942,-1.15351192083454,179,"S00","SZ9","00","RD","MG"
"ZE1 0QB",10,60.1527886752656,-1.15244984225173,179,"S00","SZ9","00","RD","MG"
"ZE1 0QD",10,60.1530719747317,-1.1574499012342,179,"S00","SZ9","00","RD","MG"
"ZE1 0QE",10,60.1627094052013,-1.16496875359375,179,"S00","SZ9","00","RD","MF"
"ZE1 0QF",10,60.1625832414629,-1.1663232451472,179,"S00","SZ9","00","RD","MF"
"ZE1 0QG",10,60.1616687497569,-1.16654458316492,179,"S00","SZ9","00","RD","MF"
"ZE1 0QH",10,60.1613270492136,-1.16932777827095,179,"S00","SZ9","00","RD","MF"
"ZE1 0QJ",10,60.1523046570357,-1.1553981918195,179,"S00","SZ9","00","RD","MG"
"ZE1 0QN",10,60.1522464008705,-1.15612014925721,179,"S00","SZ9","00","RD","MG"
"ZE1 0QQ",10,60.1525548093323,-1.15802149433236,179,"S00","SZ9","00","RD","MG"
"ZE1 0QR",10,60.1513959847158,-1.15794304794604,179,"S00","SZ9","00","RD","MG"
"ZE1 0QS",10,60.1505506968613,-1.15774852739965,179,"S00","SZ9","00","RD","MG"
"ZE1 0QT",10,60.1516338071468,-1.1572165183478,179,"S00","SZ9","00","RD","MG"
"ZE1 0QW",10,60.1625843953616,-1.16223330489051,179,"S00","SZ9","00","RD","MF"
"ZE1 0QX",10,60.1497766588115,-1.15746214338834,179,"S00","SZ9","00","RD","MG"
"ZE1 0QY",10,60.1596001015033,-1.18039687156819,179,"S00","SZ9","00","RD","MF"
"ZE1 0QZ",10,60.1507350532295,-1.15145805565234,179,"S00","SZ9","00","RD","MG"
"ZE1 0RA",10,60.150751005459,-1.15959851493005,179,"S00","SZ9","00","RD","MG"
"ZE1 0RB",10,60.1512698142467,-1.15223676734089,179,"S00","SZ9","00","RD","MG"
"ZE1 0RD",10,60.1480214597202,-1.16245958098424,179,"S00","SZ9","00","RD","MG"
"ZE1 0RE",10,60.1466453488588,-1.16922974421233,179,"S00","SZ9","00","RD","MG"
"ZE1 0RF",10,60.1503778111489,-1.17019823847095,179,"S00","SZ9","00","RD","MG"
"ZE1 0RG",10,60.1488759171125,-1.16982184520536,179,"S00","SZ9","00","RD","MG"
"ZE1 0RH",10,60.1457335914557,-1.16275184323996,179,"S00","SZ9","00","RD","MG"
"ZE1 0RJ",10,60.1460611144689,-1.16342783176313,179,"S00","SZ9","00","RD","MG"
"ZE1 0RL",10,60.1431028437732,-1.16562771234464,179,"S00","SZ9","00","RD","MG"
"ZE1 0RN",10,60.1420771088604,-1.16244861384185,179,"S00","SZ9","00","RD","MG"
"ZE1 0RP",10,60.1495097779343,-1.17067035479999,179,"S00","SZ9","00","RD","MG"
"ZE1 0RQ",10,60.1428857738768,-1.17830973980507,179,"S00","SZ9","00","RD","MG"
"ZE1 0RR",10,60.1391524208938,-1.18591064478407,179,"S00","SZ9","00","RD","MG"
"ZE1 0RS",10,60.1462019162906,-1.16439670312025,179,"S00","SZ9","00","RD","MG"
"ZE1 0RT",10,60.1450739998738,-1.16494752952839,179,"S00","SZ9","00","RD","MG"
"ZE1 0RU",10,60.1452930974058,-1.16551822531314,179,"S00","SZ9","00","RD","MG"
"ZE1 0RW",10,60.1457562934907,-1.1663528708566,179,"S00","SZ9","00","RD","MG"
"ZE1 0RX",10,60.1463415519962,-1.16660818757921,179,"S00","SZ9","00","RD","MG"
"ZE1 0RY",10,60.1470347984318,-1.16547411126281,179,"S00","SZ9","00","RD","MG"
"ZE1 0RZ",10,60.1480960850062,-1.17003959827472,179,"S00","SZ9","00","RD","MG"
"ZE1 0SA",10,60.144304600289,-1.16682177266544,179,"S00","SZ9","00","RD","MG"
"ZE1 0SB",10,60.1454799776286,-1.16810662498034,179,"S00","SZ9","00","RD","MG"
"ZE1 0SD",10,60.1437157955383,-1.17029398522213,179,"S00","SZ9","00","RD","MG"
"ZE1 0SE",10,60.1469470681831,-1.17152724469992,179,"S00","SZ9","00","RD","MG"
"ZE1 0SF",10,60.1457934320564,-1.17515785714097,179,"S00","SZ9","00","RD","MG"
"ZE1 0SG",10,60.145649206625,-1.17651206307311,179,"S00","SZ9","00","RD","MG"
"ZE1 0SH",10,60.1435569159733,-1.17649232490862,179,"S00","SZ9","00","RD","MG"
"ZE1 0SJ",10,60.1436665746163,-1.17535515255236,179,"S00","SZ9","00","RD","MG"
"ZE1 0SL",10,60.1431563020884,-1.17416148182227,179,"S00","SZ9","00","RD","MG"
"ZE1 0SN",10,60.1431705538346,-1.17356690725741,179,"S00","SZ9","00","RD","MG"
"ZE1 0SP",10,60.1425084297793,-1.17538413537729,179,"S00","SZ9","00","RD","MG"
"ZE1 0SQ",10,60.1434558902206,-1.17757525387124,179,"S00","SZ9","00","RD","MG"
"ZE1 0SR",10,60.1435039260251,-1.18243587902306,179,"S00","SZ9","00","RD","MG"
"ZE1 0SS",10,60.1437147309404,-1.16869139837422,179,"S00","SZ9","00","RD","MG"
"ZE1 0ST",10,60.1449696449876,-1.17841984112814,179,"S00","SZ9","00","RD","MG"
"ZE1 0SU",10,60.1437227786971,-1.18007154869556,179,"S00","SZ9","00","RD","MG"
"ZE1 0SW",10,60.1552809978536,-1.14624318196583,179,"S00","SZ9","00","RD","MF"
"ZE1 0SX",10,60.1435343776424,-1.17287352448726,179,"S00","SZ9","00","RD","MG"
"ZE1 0SY",10,60.150774706074,-1.16905356310916,179,"S00","SZ9","00","RD","MG"
"ZE1 0SZ",10,60.1430232104884,-1.16867283101218,179,"S00","SZ9","00","RD","MG"
"ZE1 0TA",10,60.168522928003,-1.1655961660816,179,"S00","SZ9","00","RD","MF"
"ZE1 0TB",10,60.1509697168161,-1.1558646810555,179,"S00","SZ9","00","RD","MG"
"ZE1 0TE",10,60.1397461881845,-1.27255209148042,179,"S00","SZ9","00","RD","MD"
"ZE1 0TF",10,60.1398336952855,-1.27213605533578,179,"S00","SZ9","00","RD","MD"
"ZE1 0TG",10,60.1499265699238,-1.155621256473,179,"S00","SZ9","00","RD","MG"
"ZE1 0TH",10,60.1365323351573,-1.27431527691737,179,"S00","SZ9","00","RD","MD"
"ZE1 0TJ",10,60.1376453318337,-1.28082598753465,179,"S00","SZ9","00","RD","MD"
"ZE1 0TL",10,60.1394080816599,-1.27475608068008,179,"S00","SZ9","00","RD","MD"
"ZE1 0TN",10,60.1398942821923,-1.27335902905718,179,"S00","SZ9","00","RD","MD"
"ZE1 0TP",10,60.1376978098295,-1.27398356001808,179,"S00","SZ9","00","RD","MD"
"ZE1 0TQ",10,60.1357622894043,-1.27471027808368,179,"S00","SZ9","00","RD","MD"
"ZE1 0TR",10,60.137612835152,-1.27650589831202,179,"S00","SZ9","00","RD","MD"
"ZE1 0TS",10,60.1374231368487,-1.27465572958773,179,"S00","SZ9","00","RD","MD"
"ZE1 0TT",10,60.1396806447416,-1.27698263623298,179,"S00","SZ9","00","RD","MD"
"ZE1 0TU",10,60.1378641776732,-1.27813869674954,179,"S00","SZ9","00","RD","MD"
"ZE1 0TW",10,60.1657516178669,-1.16611688052782,179,"S00","SZ9","00","RD","MF"
"ZE1 0TX",10,60.1389179001939,-1.27707138443632,179,"S00","SZ9","00","RD","MD"
"ZE1 0TY",10,60.1542833591463,-1.15169087159904,179,"S00","SZ9","00","RD","MG"
"ZE1 0UA",10,60.1381695308419,-1.27815001292036,179,"S00","SZ9","00","RD","MD"
"ZE1 0UB",10,60.1394173873082,-1.27810467880414,179,"S00","SZ9","00","RD","MD"
"ZE1 0UD",10,60.1400815141313,-1.2763976924235,179,"S00","SZ9","00","RD","MD"
"ZE1 0UE",10,60.1387774904328,-1.27766859499254,179,"S00","SZ9","00","RD","MD"
"ZE1 0UF",10,60.1508446390232,-1.14336836338571,179,"S00","SZ9","00","RD","MG"
"ZE1 0UG",10,60.1392967560074,-1.26433406117831,179,"S00","SZ9","00","RD","MD"
"ZE1 0UH",10,60.1408803252725,-1.27798260897291,179,"S00","SZ9","00","RD","MD"
"ZE1 0UJ",10,60.1389549258265,-1.2756302471966,179,"S00","SZ9","00","RD","MD"
"ZE1 0UL",10,60.1466664155321,-1.27369590901607,179,"S00","SZ9","00","RD","MD"
"ZE1 0UN",10,60.1332967025196,-1.28696917629743,179,"S00","SZ9","00","RD","MD"
"ZE1 0UP",10,60.1417406816786,-1.27112163553217,179,"S00","SZ9","00","RD","MD"
"ZE1 0UQ",10,60.1583860577675,-1.2626466539053,179,"S00","SZ9","00","RD","MD"
"ZE1 0UR",10,60.1382422879687,-1.26201711572675,179,"S00","SZ9","00","RD","MD"
"ZE1 0US",10,60.1304484695732,-1.26688942663674,179,"S00","SZ9","00","RD","MD"
"ZE1 0UT",10,60.139889540361,-1.27906658390194,179,"S00","SZ9","00","RD","MD"
"ZE1 0UU",10,60.1376503850066,-1.26537899633383,179,"S00","SZ9","00","RD","MD"
"ZE1 0UW",10,60.1334990611104,-1.28786485262451,179,"S00","SZ9","00","RD","MD"
"ZE1 0UX",10,60.1403455882383,-1.2803709597526,179,"S00","SZ9","00","RD","MD"
"ZE1 0UY",10,60.1391798793935,-1.27901009000465,179,"S00","SZ9","00","RD","MD"
"ZE1 0UZ",10,60.1402709816142,-1.26514053602853,179,"S00","SZ9","00","RD","MD"
"ZE1 0WD",10,60.1532216591587,-1.14159538889446,179,"S00","SZ9","00","RD","MF"
"ZE1 0WH",10,60.1411386591258,-1.17892947763386,179,"S00","SZ9","00","RD","MG"
"ZE1 0WJ",10,60.1407051547033,-1.17852615803999,179,"S00","SZ9","00","RD","MG"
"ZE1 0WL",10,60.1404499274707,-1.17936075411412,179,"S00","SZ9","00","RD","MG"
"ZE1 0WN",10,60.1524263116091,-1.13803178223784,179,"S00","SZ9","00","RD","MG"
"ZE1 0WP",10,60.1578653619987,-1.15017544294584,179,"S00","SZ9","00","RD","MF"
"ZE1 0WS",10,60.1410963642182,-1.2650141002172,179,"S00","SZ9","00","RD","MD"
"ZE1 0WW",50,60.1551504642965,-1.14410299420641,179,"S00","SZ9","00","RD","MF"
"ZE1 0WY",10,60.1415534749487,-1.1777667778976,179,"S00","SZ9","00","RD","MG"
"ZE1 0WZ",10,60.1456463029631,-1.16172760716446,179,"S00","SZ9","00","RD","MG"
"ZE1 0XA",10,60.1385063496588,-1.28064516634299,179,"S00","SZ9","00","RD","MD"
"ZE1 0XB",10,60.1375454028547,-1.28226843053164,179,"S00","SZ9","00","RD","MD"
"ZE1 0XD",10,60.1374735599857,-1.28392629308495,179,"S00","SZ9","00","RD","MD"
"ZE1 0XG",10,60.1366862096086,-1.28444747603914,179,"S00","SZ9","00","RD","MD"
"ZE1 0XH",10,60.1380448493001,-1.27998910674322,179,"S00","SZ9","00","RD","MD"
"ZE1 0XJ",10,60.1375694014858,-1.28007150568554,179,"S00","SZ9","00","RD","MD"
"ZE1 0XL",10,60.1229623995718,-1.28710263309484,179,"S00","SZ9","00","RD","MD"
"ZE1 0XN",10,60.149926716294,-1.29379528627454,179,"S00","SZ9","00","RD","MD"
"ZE1 0XS",10,60.1532216591587,-1.14159538889446,179,"S00","SZ9","00","RD","MF"
"ZE1 0YA",10,60.1507287274313,-1.13933695935864,179,"S00","SZ9","00","RD","MG"
"ZE1 0YB",10,60.148261928179,-1.13558339983704,179,"S00","SZ9","00","RD","MG"
"ZE1 0YJ",10,60.1532216591587,-1.14159538889446,179,"S00","SZ9","00","RD","MF"
"ZE1 0YL",10,60.1532216591587,-1.14159538889446,179,"S00","SZ9","00","RD","MF"
"ZE1 0YP",10,60.1536973430742,-1.14433889136691,179,"S00","SZ9","00","RD","MF"
"ZE1 0ZF",10,60.1532216591587,-1.14159538889446,179,"S00","SZ9","00","RD","MF"
"ZE1 9AA",10,60.1532216591587,-1.14159538889446,179,"S00","SZ9","00","RD","MF"
"ZE1 9AB",10,60.1532216591587,-1.14159538889446,179,"S00","SZ9","00","RD","MF"
"ZE1 9SA",10,60.1544368541404,-1.14622903786128,179,"S00","SZ9","00","RD","MF"
"ZE1 9SB",10,60.1544368541404,-1.14622903786128,179,"S00","SZ9","00","RD","MF"
"ZE1 9SD",10,60.1544368541404,-1.14622903786128,179,"S00","SZ9","00","RD","MF"
"ZE1 9SE",10,60.1544368541404,-1.14622903786128,179,"S00","SZ9","00","RD","MF"
"ZE1 9SF",10,60.1544368541404,-1.14622903786128,179,"S00","SZ9","00","RD","MF"
"ZE1 9SG",10,60.1544368541404,-1.14622903786128,179,"S00","SZ9","00","RD","MF"
"ZE1 9SH",10,60.1544368541404,-1.14622903786128,179,"S00","SZ9","00","RD","MF"
"ZE1 9SJ",10,60.1544368541404,-1.14622903786128,179,"S00","SZ9","00","RD","MF"
"ZE1 9SL",10,60.1544368541404,-1.14622903786128,179,"S00","SZ9","00","RD","MF"
"ZE1 9SN",10,60.1544368541404,-1.14622903786128,179,"S00","SZ9","00","RD","MF"
"ZE1 9SP",10,60.1544368541404,-1.14622903786128,179,"S00","SZ9","00","RD","MF"
"ZE1 9SQ",10,60.1544368541404,-1.14622903786128,179,"S00","SZ9","00","RD","MF"
"ZE1 9SR",10,60.1544368541404,-1.14622903786128,179,"S00","SZ9","00","RD","MF"
"ZE1 9SS",10,60.1544368541404,-1.14622903786128,179,"S00","SZ9","00","RD","MF"
"ZE1 9ST",10,60.1544368541404,-1.14622903786128,179,"S00","SZ9","00","RD","MF"
"ZE1 9SU",10,60.1544368541404,-1.14622903786128,179,"S00","SZ9","00","RD","MF"
"ZE1 9SW",10,60.1544368541404,-1.14622903786128,179,"S00","SZ9","00","RD","MF"
"ZE1 9SX",10,60.1544368541404,-1.14622903786128,179,"S00","SZ9","00","RD","MF"
"ZE1 9SY",10,60.1544368541404,-1.14622903786128,179,"S00","SZ9","00","RD","MF"
"ZE1 9SZ",10,60.1544368541404,-1.14622903786128,179,"S00","SZ9","00","RD","MF"
"ZE1 9TA",10,60.1544368541404,-1.14622903786128,179,"S00","SZ9","00","RD","MF"
"ZE1 9TB",10,60.1544368541404,-1.14622903786128,179,"S00","SZ9","00","RD","MF"
"ZE2 9AA",10,60.3400196079691,-1.02249663444984,179,"S00","SZ9","00","RD","MA"
"ZE2 9AB",10,60.3412698455749,-1.01912589486641,179,"S00","SZ9","00","RD","MA"
"ZE2 9AD",10,60.3442900593976,-1.01956066310889,179,"S00","SZ9","00","RD","MA"
"ZE2 9AE",10,60.3502410541041,-1.01561292405461,179,"S00","SZ9","00","RD","MA"
"ZE2 9AF",10,60.3497777159896,-1.01731211411917,179,"S00","SZ9","00","RD","MA"
"ZE2 9AG",10,60.3345377810796,-1.01700949811275,179,"S00","SZ9","00","RD","MA"
"ZE2 9AH",10,60.3416315256427,-0.985926012234493,179,"S00","SZ9","00","RD","MA"
"ZE2 9AJ",10,60.3573558510632,-0.953664571378105,179,"S00","SZ9","00","RD","MA"
"ZE2 9AL",10,60.3647659066474,-0.994725451136693,179,"S00","SZ9","00","RD","MA"
"ZE2 9AN",10,60.3692350256261,-0.975549609412063,179,"S00","SZ9","00","RD","MA"
"ZE2 9AP",10,60.3608525662026,-0.999703935776039,179,"S00","SZ9","00","RD","MA"
"ZE2 9AQ",10,60.3415406705861,-1.00962487944608,179,"S00","SZ9","00","RD","MA"
"ZE2 9AR",10,60.4237413895056,-0.751582992754483,179,"S00","SZ9","00","RD","MA"
"ZE2 9AS",10,60.4229993502314,-0.763489580274456,179,"S00","SZ9","00","RD","MA"
"ZE2 9AT",10,60.4219721285515,-0.759242407826598,179,"S00","SZ9","00","RD","MA"
"ZE2 9AU",10,60.5356063144533,-1.05054057475653,179,"S00","SZ9","00","RD","MA"
"ZE2 9AW",10,60.3764081083475,-0.931961938948427,179,"S00","SZ9","00","RD","MA"
"ZE2 9AX",10,60.5615123050468,-1.02955425471864,179,"S00","SZ9","00","RD","MA"
"ZE2 9AY",10,60.4988388681876,-1.05451008162468,179,"S00","SZ9","00","RD","MA"
"ZE2 9AZ",10,60.4955480123021,-1.05513373333895,179,"S00","SZ9","00","RD","MA"
"ZE2 9BA",10,60.5006823935051,-1.08323817593012,179,"S00","SZ9","00","RD","MA"
"ZE2 9BD",10,60.5016873416885,-1.15668606935053,179,"S00","SZ9","00","RD","MA"
"ZE2 9BE",10,60.4924324372239,-1.12769716631913,179,"S00","SZ9","00","RD","MA"
"ZE2 9BG",10,60.52528433166,-1.16970010363768,179,"S00","SZ9","00","RD","MA"
"ZE2 9BH",10,60.5775887260097,-1.17896095658903,179,"S00","SZ9","00","RD","MA"
"ZE2 9BJ",10,60.5987381600344,-1.07640658885405,179,"S00","SZ9","00","RD","MA"
"ZE2 9BL",10,60.6180533957156,-1.1442239028595,179,"S00","SZ9","00","RD","MA"
"ZE2 9BN",10,60.601358236694,-1.06838804081764,179,"S00","SZ9","00","RD","MA"
"ZE2 9BP",10,60.5976824104075,-1.06018589303926,179,"S00","SZ9","00","RD","MA"
"ZE2 9BQ",10,60.3408323962122,-1.01339631361143,179,"S00","SZ9","00","RD","MA"
"ZE2 9BS",10,60.5961192590951,-1.06134507735038,179,"S00","SZ9","00","RD","MA"
"ZE2 9BT",10,60.596522554612,-1.05740774511996,179,"S00","SZ9","00","RD","MA"
"ZE2 9BU",10,60.5853150501461,-1.0221236308472,179,"S00","SZ9","00","RD","MA"
"ZE2 9BW",10,60.5974377231703,-1.0598643358103,179,"S00","SZ9","00","RD","MA"
"ZE2 9BX",10,60.6010030974408,-1.06896436943677,179,"S00","SZ9","00","RD","MA"
"ZE2 9BZ",10,60.7163614549577,-1.01603747045148,179,"S00","SZ9","00","RD","MA"
"ZE2 9DA",10,60.610316330245,-1.06029357448427,179,"S00","SZ9","00","RD","MA"
"ZE2 9DB",10,60.6300982049812,-1.04655819450119,179,"S00","SZ9","00","RD","MA"
"ZE2 9DD",10,60.7143861197242,-1.02366635797103,179,"S00","SZ9","00","RD","MA"
"ZE2 9DE",10,60.715439089862,-1.01771503166392,179,"S00","SZ9","00","RD","MA"
"ZE2 9DF",10,60.6696673730841,-1.00335294238918,179,"S00","SZ9","00","RD","MA"
"ZE2 9DG",10,60.6605735125552,-1.04801776034012,179,"S00","SZ9","00","RD","MA"
"ZE2 9DH",10,60.1460163332026,-1.11237564383979,179,"S00","SZ9","00","RD","MF"
"ZE2 9DJ",10,60.5955809561649,-0.856098618658151,179,"S00","SZ9","00","RD","MA"
"ZE2 9DL",10,60.6872641576562,-0.896571478440428,179,"S00","SZ9","00","RD","MA"
"ZE2 9DN",10,60.6856380276189,-0.904115820041106,179,"S00","SZ9","00","RD","MA"
"ZE2 9DP",10,60.7574002266,-0.860802346114043,179,"S00","SZ9","00","RD","MA"
"ZE2 9DQ",10,60.6621321390003,-1.06663356440529,179,"S00","SZ9","00","RD","MA"
"ZE2 9DR",10,60.7587658753084,-0.857579117589744,179,"S00","SZ9","00","RD","MA"
"ZE2 9DS",10,60.7630347074009,-0.838706259779261,179,"S00","SZ9","00","RD","MA"
"ZE2 9DT",10,60.7514106592312,-0.850850246501321,179,"S00","SZ9","00","RD","MA"
"ZE2 9DU",10,60.7629649024768,-0.862036620584261,179,"S00","SZ9","00","RD","MA"
"ZE2 9DW",10,60.6953504118847,-0.928199548146928,179,"S00","SZ9","00","RD","MA"
"ZE2 9DX",10,60.7573514006355,-0.884953521629358,179,"S00","SZ9","00","RD","MA"
"ZE2 9DY",10,60.7587474548655,-0.880996224111714,179,"S00","SZ9","00","RD","MA"
"ZE2 9DZ",10,60.7666882742011,-0.894615028116113,179,"S00","SZ9","00","RD","MA"
"ZE2 9EA",10,60.7580654471333,-0.861879826192182,179,"S00","SZ9","00","RD","MA"
"ZE2 9EB",10,60.7588471750965,-0.863980912998612,179,"S00","SZ9","00","RD","MA"
"ZE2 9ED",10,60.790255222283,-0.83221038833277,179,"S00","SZ9","00","RD","MA"
"ZE2 9EE",10,60.7877450072265,-0.831897635220014,179,"S00","SZ9","00","RD","MA"
"ZE2 9EF",10,60.8007029763535,-0.81220485842579,179,"S00","SZ9","00","RD","MA"
"ZE2 9EG",10,60.0015159318172,-1.2337948429884,179,"S00","SZ9","00","RD","ME"
"ZE2 9EH",10,60.6846989402449,-0.903470314165037,179,"S00","SZ9","00","RD","MA"
"ZE2 9EJ",10,60.7988136047661,-0.815031006989051,179,"S00","SZ9","00","RD","MA"
"ZE2 9EL",10,60.1557838705149,-1.11611143073067,179,"S00","SZ9","00","RD","MF"
"ZE2 9EN",10,60.154495131581,-1.11540748692432,179,"S00","SZ9","00","RD","MF"
"ZE2 9EP",10,60.1726057930538,-1.10727906950422,179,"S00","SZ9","00","RD","MF"
"ZE2 9EQ",10,60.8007930467999,-0.869515034298027,179,"S00","SZ9","00","RD","MA"
"ZE2 9ER",10,60.1380150740132,-1.11361736767666,179,"S00","SZ9","00","RD","MF"
"ZE2 9ES",10,60.151706750525,-1.09475122725289,179,"S00","SZ9","00","RD","MF"
"ZE2 9ET",10,60.1439287979639,-1.11172960116934,179,"S00","SZ9","00","RD","MF"
"ZE2 9EU",10,60.1441815435553,-1.11058832831467,179,"S00","SZ9","00","RD","MF"
"ZE2 9EW",10,60.1692638218109,-1.13823965679839,179,"S00","SZ9","00","RD","MF"
"ZE2 9EX",10,60.1156377630944,-1.21148118951288,179,"S00","SZ9","00","RD","MG"
"ZE2 9EY",10,60.1000935030527,-1.23578785519987,179,"S00","SZ9","00","RD","ME"
"ZE2 9EZ",10,60.0979621629691,-1.25890778443121,179,"S00","SZ9","00","RD","ME"
"ZE2 9FA",10,60.6113726598795,-1.05984272507834,179,"S00","SZ9","00","RD","MA"
"ZE2 9FD",10,60.128363945204,-1.21191480291943,179,"S00","SZ9","00","RD","MG"
"ZE2 9FE",10,60.1282728549583,-1.21018913703438,179,"S00","SZ9","00","RD","MG"
"ZE2 9FG",10,60.1284081263061,-1.20878201825252,179,"S00","SZ9","00","RD","MG"
"ZE2 9GA",10,59.97600280854,-1.32025326528423,179,"S00","SZ9","00","RD","ME"
"ZE2 9GB",10,59.9164411167079,-1.31476473019958,179,"S00","SZ9","00","RD","ME"
"ZE2 9GD",10,60.1227687400591,-1.21474781304463,179,"S00","SZ9","00","RD","MG"
"ZE2 9GE",10,60.1239284698638,-1.21650180103194,179,"S00","SZ9","00","RD","MG"
"ZE2 9GF",10,60.1247144862434,-1.21579926272419,179,"S00","SZ9","00","RD","MG"
"ZE2 9GG",10,60.0009893719106,-1.23280298500556,179,"S00","SZ9","00","RD","ME"
"ZE2 9GH",50,60.2086700500949,-1.29419333528177,179,"S00","SZ9","00","RD","MC"
"ZE2 9GJ",10,60.2086700500949,-1.29419333528177,179,"S00","SZ9","00","RD","MC"
"ZE2 9GL",10,60.2179430962024,-1.29375951804798,179,"S00","SZ9","00","RD","MC"
"ZE2 9HA",10,60.0706230560176,-1.22031714675641,179,"S00","SZ9","00","RD","ME"
"ZE2 9HB",10,60.0486959070495,-1.2280339919389,179,"S00","SZ9","00","RD","ME"
"ZE2 9HD",10,60.0533571810301,-1.22666816697748,179,"S00","SZ9","00","RD","ME"
"ZE2 9HE",10,60.0529678094137,-1.22764696664667,179,"S00","SZ9","00","RD","ME"
"ZE2 9HF",10,60.0381671584224,-1.22718470305409,179,"S00","SZ9","00","RD","ME"
"ZE2 9HG",10,60.0525253024148,-1.21049031609507,179,"S00","SZ9","00","RD","ME"
"ZE2 9HH",10,59.9998108242302,-1.24645590613809,179,"S00","SZ9","00","RD","ME"
"ZE2 9HJ",10,60.001057478919,-1.24777224751878,179,"S00","SZ9","00","RD","ME"
"ZE2 9HL",10,59.9974512348897,-1.25631571087065,179,"S00","SZ9","00","RD","ME"
"ZE2 9HN",10,60.0042946341977,-1.23760367365824,179,"S00","SZ9","00","RD","ME"
"ZE2 9HP",10,60.008040659687,-1.22706257349026,179,"S00","SZ9","00","RD","ME"
"ZE2 9HQ",10,60.053988481578,-1.2271382677703,179,"S00","SZ9","00","RD","ME"
"ZE2 9HR",10,59.997783418927,-1.25471272444311,179,"S00","SZ9","00","RD","ME"
"ZE2 9HS",10,60.0050583848442,-1.22994735665811,179,"S00","SZ9","00","RD","ME"
"ZE2 9HT",10,60.0003073419267,-1.23287255854246,179,"S00","SZ9","00","RD","ME"
"ZE2 9HU",10,59.9989818291029,-1.24437717490731,179,"S00","SZ9","00","RD","ME"
"ZE2 9HW",10,59.9977224803838,-1.22999229299831,179,"S00","SZ9","00","RD","ME"
"ZE2 9HX",10,59.9719175002951,-1.27146951024125,179,"S00","SZ9","00","RD","ME"
"ZE2 9HY",10,59.992443318664,-1.27618077175581,179,"S00","SZ9","00","RD","ME"
"ZE2 9HZ",10,60.0060506764071,-1.22918909012467,179,"S00","SZ9","00","RD","ME"
"ZE2 9JA",10,59.9761592192114,-1.32098459747967,179,"S00","SZ9","00","RD","ME"
"ZE2 9JB",10,59.9191362250522,-1.30131347290634,179,"S00","SZ9","00","RD","ME"
"ZE2 9JD",10,59.9125012258681,-1.3273806280356,179,"S00","SZ9","00","RD","ME"
"ZE2 9JE",10,59.9390814359822,-1.32761215874565,179,"S00","SZ9","00","RD","ME"
"ZE2 9JF",10,59.9773332735389,-1.31187706987005,179,"S00","SZ9","00","RD","ME"
"ZE2 9JG",10,59.9182512076712,-1.29362391012486,179,"S00","SZ9","00","RD","ME"
"ZE2 9JH",10,59.9335861844817,-1.31195998469742,179,"S00","SZ9","00","RD","ME"
"ZE2 9JJ",10,59.9232556966597,-1.27922582296485,179,"S00","SZ9","00","RD","ME"
"ZE2 9JL",10,60.0022413187497,-1.23191337295927,179,"S00","SZ9","00","RD","ME"
"ZE2 9JN",10,60.0047870978464,-1.24991105066359,179,"S00","SZ9","00","RD","ME"
"ZE2 9JP",10,60.0449215357555,-1.22751166221603,179,"S00","SZ9","00","RD","ME"
"ZE2 9JQ",10,59.9322368860763,-1.28284203983293,179,"S00","SZ9","00","RD","ME"
"ZE2 9JR",10,59.9222759332661,-1.29398557187631,179,"S00","SZ9","00","RD","ME"
"ZE2 9JS",10,60.0447264900359,-1.22640313995764,179,"S00","SZ9","00","RD","ME"
"ZE2 9JT",10,60.0871520804262,-1.3262898795678,179,"S00","SZ9","00","RD","MD"
"ZE2 9JU",10,59.5207280616842,-1.63956172232468,179,"S00","SZ9","00","RD","ME"
"ZE2 9JW",10,59.9224721181764,-1.29709367965574,179,"S00","SZ9","00","RD","ME"
"ZE2 9JX",10,60.1271472068803,-1.21115198246083,179,"S00","SZ9","00","RD","MG"
"ZE2 9JY",10,60.106370722627,-1.33760660752075,179,"S00","SZ9","00","RD","MD"
"ZE2 9JZ",10,60.1070401802324,-1.33502109759555,179,"S00","SZ9","00","RD","MD"
"ZE2 9LA",10,60.1049557827262,-1.33477532628163,179,"S00","SZ9","00","RD","MD"
"ZE2 9LB",10,60.101603983105,-1.32187671074191,179,"S00","SZ9","00","RD","MD"
"ZE2 9LD",10,60.0784540548486,-1.33751938396043,179,"S00","SZ9","00","RD","MD"
"ZE2 9LE",10,60.0735311463694,-1.32462699610356,179,"S00","SZ9","00","RD","MD"
"ZE2 9LF",10,60.1044937334472,-1.33039626246944,179,"S00","SZ9","00","RD","MD"
"ZE2 9LG",10,60.2161657730863,-1.29554821566249,179,"S00","SZ9","00","RD","MC"
"ZE2 9LH",10,60.2467168035563,-1.26326387508532,179,"S00","SZ9","00","RD","MC"
"ZE2 9LJ",10,60.1961580717288,-1.28337016047143,179,"S00","SZ9","00","RD","MC"
"ZE2 9LL",10,60.1830098371287,-1.30305484934399,179,"S00","SZ9","00","RD","MC"
"ZE2 9LN",10,60.2390231967311,-1.30517073405553,179,"S00","SZ9","00","RD","MC"
"ZE2 9LP",10,60.2785734620036,-1.24708878336396,179,"S00","SZ9","00","RD","MC"
"ZE2 9LQ",10,60.2334348487602,-1.30110004863182,179,"S00","SZ9","00","RD","MC"
"ZE2 9LR",10,60.2306739238358,-1.30368641317787,179,"S00","SZ9","00","RD","MC"
"ZE2 9LS",10,60.2624832887493,-1.38684590768059,179,"S00","SZ9","00","RD","MC"
"ZE2 9LT",10,60.2432835367005,-1.35220217531444,179,"S00","SZ9","00","RD","MC"
"ZE2 9LU",10,60.2224977851582,-1.36158281517104,179,"S00","SZ9","00","RD","MC"
"ZE2 9LW",10,60.2601981028453,-1.2869949694807,179,"S00","SZ9","00","RD","MC"
"ZE2 9LX",10,60.271394704885,-1.41164296971733,179,"S00","SZ9","00","RD","MC"
"ZE2 9LY",10,60.2528739957123,-1.44138704160643,179,"S00","SZ9","00","RD","MC"
"ZE2 9LZ",10,60.2550856836893,-1.4638795251655,179,"S00","SZ9","00","RD","MC"
"ZE2 9NA",10,60.2535619825055,-1.40544070085606,179,"S00","SZ9","00","RD","MC"
"ZE2 9NB",10,60.2837402067059,-1.38380802830001,179,"S00","SZ9","00","RD","MC"
"ZE2 9ND",10,60.301293779181,-1.38767533654727,179,"S00","SZ9","00","RD","MC"
"ZE2 9NE",10,60.2993253685125,-1.36053793493153,179,"S00","SZ9","00","RD","MC"
"ZE2 9NF",10,60.2838779294128,-1.37103850409229,179,"S00","SZ9","00","RD","MC"
"ZE2 9NG",10,60.2370470619024,-1.39687350666167,179,"S00","SZ9","00","RD","MC"
"ZE2 9NH",10,60.2147554120728,-1.40350834140743,179,"S00","SZ9","00","RD","MC"
"ZE2 9NJ",10,60.1832185221457,-1.41702428855945,179,"S00","SZ9","00","RD","MC"
"ZE2 9NL",10,60.1795103926047,-1.46612060218356,179,"S00","SZ9","00","RD","MC"
"ZE2 9NN",10,60.2530658502878,-1.39894577228831,179,"S00","SZ9","00","RD","MC"
"ZE2 9NP",10,60.2444636915506,-1.52022449897879,179,"S00","SZ9","00","RD","MC"
"ZE2 9NQ",10,60.2129602173824,-1.38205005005951,179,"S00","SZ9","00","RD","MC"
"ZE2 9NR",10,60.2266397330483,-1.49337113544712,179,"S00","SZ9","00","RD","MC"
"ZE2 9NS",10,60.2351432287406,-1.45934796992828,179,"S00","SZ9","00","RD","MC"
"ZE2 9NT",10,60.2971857613679,-1.52234696833667,179,"S00","SZ9","00","RD","MC"
"ZE2 9NU",10,59.9959990582415,-1.24252704002145,179,"S00","SZ9","00","RD","ME"
"ZE2 9NW",10,60.2830702863531,-1.37494185894215,179,"S00","SZ9","00","RD","MC"
"ZE2 9NX",10,60.2330503501128,-1.30311240498525,179,"S00","SZ9","00","RD","MC"
"ZE2 9NY",10,60.1858647203628,-1.43933394052394,179,"S00","SZ9","00","RD","MC"
"ZE2 9NZ",10,59.9959562111104,-1.24917870492457,179,"S00","SZ9","00","RD","ME"
"ZE2 9PA",10,60.2058750847634,-1.593580205047,179,"S00","SZ9","00","RD","MC"
"ZE2 9PB",10,60.2255217543081,-1.57386013373694,179,"S00","SZ9","00","RD","MC"
"ZE2 9PD",10,60.2204920707002,-1.6053112788009,179,"S00","SZ9","00","RD","MC"
"ZE2 9PE",10,60.2409823037049,-1.64701718274947,179,"S00","SZ9","00","RD","MC"
"ZE2 9PF",10,60.2246092198174,-1.55838460124431,179,"S00","SZ9","00","RD","MC"
"ZE2 9PG",10,60.2254203936045,-1.57026930247267,179,"S00","SZ9","00","RD","MC"
"ZE2 9PH",10,60.2351995733173,-1.56513972888449,179,"S00","SZ9","00","RD","MC"
"ZE2 9PJ",10,60.2422190751,-1.55641395999428,179,"S00","SZ9","00","RD","MC"
"ZE2 9PL",10,60.299418296291,-1.64797978163936,179,"S00","SZ9","00","RD","MC"
"ZE2 9PN",10,60.1355526685354,-2.05620499620096,179,"S00","SZ9","00","RD","MC"
"ZE2 9PP",10,60.2722562158531,-1.17083880514477,179,"S00","SZ9","00","RD","MB"
"ZE2 9PQ",10,60.2278295607838,-1.56837839880733,179,"S00","SZ9","00","RD","MC"
"ZE2 9PR",10,60.3189877882268,-1.13489632977899,179,"S00","SZ9","00","RD","MB"
"ZE2 9PS",10,60.2608966266135,-1.16209041626325,179,"S00","SZ9","00","RD","MB"
"ZE2 9PT",10,60.3642046148028,-1.26132210378329,179,"S00","SZ9","00","RD","MB"
"ZE2 9PU",10,60.3575100249179,-1.26198097009873,179,"S00","SZ9","00","RD","MB"
"ZE2 9PW",10,60.3263465075457,-1.6804992506604,179,"S00","SZ9","00","RD","MC"
"ZE2 9PX",10,60.3484487587456,-1.26820126037841,179,"S00","SZ9","00","RD","MB"
"ZE2 9PY",10,60.3403091882307,-1.33397729901165,179,"S00","SZ9","00","RD","MB"
"ZE2 9PZ",10,60.401657204823,-1.22219754316243,179,"S00","SZ9","00","RD","MB"
"ZE2 9QA",10,60.3651755782175,-1.12932204857017,179,"S00","SZ9","00","RD","MB"
"ZE2 9QB",10,60.3692288398651,-1.12304932951492,179,"S00","SZ9","00","RD","MB"
"ZE2 9QD",10,60.3546566173618,-1.16648297298152,179,"S00","SZ9","00","RD","MB"
"ZE2 9QE",10,60.3785880028101,-1.15972364822109,179,"S00","SZ9","00","RD","MB"
"ZE2 9QF",10,60.406113014275,-1.11737417457786,179,"S00","SZ9","00","RD","MB"
"ZE2 9QG",10,60.3947823320404,-1.35935709644978,179,"S00","SZ9","00","RD","MB"
"ZE2 9QH",10,60.3882463291224,-1.35019705619525,179,"S00","SZ9","00","RD","MB"
"ZE2 9QJ",10,60.3881453808248,-1.34791326185693,179,"S00","SZ9","00","RD","MB"
"ZE2 9QL",10,60.3717583978722,-1.34960047667073,179,"S00","SZ9","00","RD","MB"
"ZE2 9QN",10,60.3865735245017,-1.37399430408845,179,"S00","SZ9","00","RD","MB"
"ZE2 9QP",10,60.4204873749355,-1.31753931166206,179,"S00","SZ9","00","RD","MB"
"ZE2 9QQ",10,60.3902566031697,-1.34816134594745,179,"S00","SZ9","00","RD","MB"
"ZE2 9QR",10,60.4428239850629,-1.25823051620964,179,"S00","SZ9","00","RD","MB"
"ZE2 9QS",10,60.3701040704838,-1.31338893677371,179,"S00","SZ9","00","RD","MB"
"ZE2 9QT",10,60.4705554231101,-1.21060148308556,179,"S00","SZ9","00","RD","MB"
"ZE2 9QU",10,60.3795357645445,-1.34628975508887,179,"S00","SZ9","00","RD","MB"
"ZE2 9QW",10,60.3625530571776,-1.38311943745551,179,"S00","SZ9","00","RD","MB"
"ZE2 9QX",10,60.2323953464187,-1.56701845073386,179,"S00","SZ9","00","RD","MC"
"ZE2 9QY",10,60.3888446785105,-1.34769972746424,179,"S00","SZ9","00","RD","MB"
"ZE2 9QZ",10,60.3588598025006,-1.26251235638121,179,"S00","SZ9","00","RD","MB"
"ZE2 9RA",10,60.4601542828153,-1.18021759397797,179,"S00","SZ9","00","RD","MB"
"ZE2 9RB",10,60.4567470957572,-1.18099428401281,179,"S00","SZ9","00","RD","MB"
"ZE2 9RD",10,60.4365375868989,-1.35837231529238,179,"S00","SZ9","00","RD","MB"
"ZE2 9RE",10,60.4111548589313,-1.39091390960085,179,"S00","SZ9","00","RD","MB"
"ZE2 9RF",10,60.4594448871992,-1.3779015576482,179,"S00","SZ9","00","RD","MB"
"ZE2 9RG",10,60.4740927794686,-1.43528096280562,179,"S00","SZ9","00","RD","MB"
"ZE2 9RH",10,60.490181469002,-1.45230779237074,179,"S00","SZ9","00","RD","MB"
"ZE2 9RJ",10,60.4877083438698,-1.4491468496989,179,"S00","SZ9","00","RD","MB"
"ZE2 9RL",10,60.5080274341218,-1.46030971526427,179,"S00","SZ9","00","RD","MB"
"ZE2 9RN",10,60.4364520640247,-1.36300689166507,179,"S00","SZ9","00","RD","MB"
"ZE2 9RP",10,60.4867206378503,-1.49689201862561,179,"S00","SZ9","00","RD","MB"
"ZE2 9RQ",10,60.4509493831806,-1.41934216819949,179,"S00","SZ9","00","RD","MB"
"ZE2 9RS",10,60.4948884459126,-1.56792995544512,179,"S00","SZ9","00","RD","MB"
"ZE2 9RT",10,60.5025680380528,-1.34390587517725,179,"S00","SZ9","00","RD","MB"
"ZE2 9RU",10,60.4823082049974,-1.36723910928279,179,"S00","SZ9","00","RD","MB"
"ZE2 9RW",10,60.4784403208199,-1.48224868596471,179,"S00","SZ9","00","RD","MB"
"ZE2 9RX",10,60.523844030764,-1.37697703993184,179,"S00","SZ9","00","RD","MB"
"ZE2 9RY",10,60.585713548661,-1.33203655609782,179,"S00","SZ9","00","RD","MB"
"ZE2 9RZ",10,60.5467063736979,-1.33294981758287,179,"S00","SZ9","00","RD","MB"
"ZE2 9SA",10,60.5075768130946,-1.33457319476964,179,"S00","SZ9","00","RD","MB"
"ZE2 9SB",10,60.1791423323016,-1.23663859261077,179,"S00","SZ9","00","RD","MD"
"ZE2 9SD",10,60.1836356640634,-1.23107166754111,179,"S00","SZ9","00","RD","MD"
"ZE2 9SE",10,60.1899412417402,-1.22528021769969,179,"S00","SZ9","00","RD","MD"
"ZE2 9SF",10,60.2001392731097,-1.20516237500784,179,"S00","SZ9","00","RD","MD"
"ZE2 9SG",10,60.2019498888139,-1.22281455845268,179,"S00","SZ9","00","RD","MD"
"ZE2 9SH",10,60.1852072483442,-1.23889578081227,179,"S00","SZ9","00","RD","MD"
"ZE2 9SJ",10,60.3987728725485,-1.3472289645965,179,"S00","SZ9","00","RD","MB"
"ZE2 9SL",10,60.3921745277143,-1.3511167105281,179,"S00","SZ9","00","RD","MB"
"ZE2 9SN",10,60.3992147734924,-1.35130329993368,179,"S00","SZ9","00","RD","MB"
"ZE2 9SP",10,60.3989982832034,-1.34925695601043,179,"S00","SZ9","00","RD","MB"
"ZE2 9SQ",10,60.2342259477687,-1.22522856914473,179,"S00","SZ9","00","RD","MD"
"ZE2 9SR",10,60.3982973889645,-1.34914391154206,179,"S00","SZ9","00","RD","MB"
"ZE2 9SS",10,60.3980429933472,-1.34853199635256,179,"S00","SZ9","00","RD","MB"
"ZE2 9ST",10,60.3981947916566,-1.35019847896906,179,"S00","SZ9","00","RD","MB"
"ZE2 9SU",10,60.3977115791375,-1.35053474510954,179,"S00","SZ9","00","RD","MB"
"ZE2 9SW",10,60.3998643214915,-1.3500926237451,179,"S00","SZ9","00","RD","MB"
"ZE2 9SX",10,60.3977882633214,-1.35153128494404,179,"S00","SZ9","00","RD","MB"
"ZE2 9SY",10,60.3976059922219,-1.35282331492652,179,"S00","SZ9","00","RD","MB"
"ZE2 9SZ",10,60.3986982947467,-1.35218463680049,179,"S00","SZ9","00","RD","MB"
"ZE2 9TA",10,60.7639733651992,-0.86225785846238,179,"S00","SZ9","00","RD","MA"
"ZE2 9TD",10,60.4565695504193,-1.18572550258941,179,"S00","SZ9","00","RD","MB"
"ZE2 9TE",10,60.4464050653947,-1.20199118702972,179,"S00","SZ9","00","RD","MB"
"ZE2 9TF",10,60.4497495523884,-1.19227591928718,179,"S00","SZ9","00","RD","MB"
"ZE2 9TG",10,60.4607657545364,-1.18036582346908,179,"S00","SZ9","00","RD","MB"
"ZE2 9TH",10,60.4595863569975,-1.17985009441109,179,"S00","SZ9","00","RD","MB"
"ZE2 9TL",10,60.4480136683925,-1.1947544502834,179,"S00","SZ9","00","RD","MB"
"ZE2 9TN",10,60.7975018316175,-0.819158447576781,179,"S00","SZ9","00","RD","MA"
"ZE2 9TP",10,60.7988609548359,-0.817344455119955,179,"S00","SZ9","00","RD","MA"
"ZE2 9TQ",10,60.4601405716878,-1.18090884819069,179,"S00","SZ9","00","RD","MB"
"ZE2 9TR",10,60.1810909086351,-1.22581310854391,179,"S00","SZ9","00","RD","MD"
"ZE2 9TS",10,60.351011617894,-1.0153903718041,179,"S00","SZ9","00","RD","MA"
"ZE2 9TT",10,60.393210730857,-1.3630349245152,179,"S00","SZ9","00","RD","MB"
"ZE2 9TU",10,60.4574925769107,-1.2740582527975,179,"S00","SZ9","00","RD","MB"
"ZE2 9TW",10,60.7690160604787,-0.8340658451693,179,"S00","SZ9","00","RD","MA"
"ZE2 9TX",10,60.1362468298557,-1.20276097907864,179,"S00","SZ9","00","RD","MG"
"ZE2 9TY",10,60.394562239648,-1.34914585837373,179,"S00","SZ9","00","RD","MB"
"ZE2 9TZ",10,60.3910945596391,-1.37118612309311,179,"S00","SZ9","00","RD","MB"
"ZE2 9UA",10,60.3943303286392,-1.36622467866312,179,"S00","SZ9","00","RD","MB"
"ZE2 9UB",10,60.3704407700916,-1.13398659978385,179,"S00","SZ9","00","RD","MB"
"ZE2 9UP",10,60.4384207689648,-1.27059523417138,179,"S00","SZ9","00","RD","MB"
"ZE2 9UR",10,60.4424291539568,-1.2745940620518,179,"S00","SZ9","00","RD","MB"
"ZE2 9UT",10,60.7520447314335,-0.860918791667794,179,"S00","SZ9","00","RD","MA"
"ZE2 9XA",10,60.260155125273,-1.16268762781304,179,"S00","SZ9","00","RD","MB"
"ZE2 9XB",10,60.2307260744372,-1.56451290819124,179,"S00","SZ9","00","RD","MC"
"ZE2 9XF",10,60.3580028197723,-1.26017548845451,179,"S00","SZ9","00","RD","MB"
"ZE2 9XG",10,60.5858032601377,-1.33743731313508,179,"S00","SZ9","00","RD","MB"
"ZE2 9XH",10,60.1818365227532,-1.23050077592154,179,"S00","SZ9","00","RD","MD"
"ZE2 9XJ",10,60.1884287804169,-1.24641238087997,179,"S00","SZ9","00","RD","MD"
"ZE2 9XL",10,60.7621318511829,-0.869811262354956,179,"S00","SZ9","00","RD","MA"
"ZE2 9XN",10,60.1066286620423,-1.3371158004822,179,"S00","SZ9","00","RD","MD"
"ZE2 9XP",10,60.4781017043341,-1.48059867141472,179,"S00","SZ9","00","RD","MB"
"ZE2 9XQ",10,60.3594225661261,-1.27013049009974,179,"S00","SZ9","00","RD","MB"
"ZE2 9XS",10,60.3930130776518,-1.34816070107695,179,"S00","SZ9","00","RD","MB"
"ZE2 9XT",10,60.1944733033742,-1.2218009845386,179,"S00","SZ9","00","RD","MD"
"ZE2 9XU",10,60.108212612204,-1.33783944609679,179,"S00","SZ9","00","RD","MD"
"ZE2 9XW",10,60.1078233087605,-1.33719972675503,179,"S00","SZ9","00","RD","MD"
"ZE2 9YL",10,60.1532216591587,-1.14159538889446,179,"S00","SZ9","00","RD","MF"
"ZE2 9YN",10,60.1532216591587,-1.14159538889446,179,"S00","SZ9","00","RD","MF"
"ZE3 9JJ",10,59.8871036357239,-1.30757829276572,179,"S00","SZ9","00","RD","ME"
"ZE3 9JL",10,59.8864180786834,-1.30698506284803,179,"S00","SZ9","00","RD","ME"
"ZE3 9JN",10,59.8675254115058,-1.28186018006814,179,"S00","SZ9","00","RD","ME"
"ZE3 9JP",10,59.8766669214938,-1.29691728391089,179,"S00","SZ9","00","RD","ME"
"ZE3 9JR",10,59.8917848994643,-1.31157318381361,179,"S00","SZ9","00","RD","ME"
"ZE3 9JS",10,59.8903238490049,-1.29339454293459,179,"S00","SZ9","00","RD","ME"
"ZE3 9JT",10,59.8726154922531,-1.3067721123178,179,"S00","SZ9","00","RD","ME"
"ZE3 9JU",10,59.889544095638,-1.30720589852005,179,"S00","SZ9","00","RD","ME"
"ZE3 9JW",10,59.8736692221158,-1.30566070256455,179,"S00","SZ9","00","RD","ME"
"ZE3 9JX",10,59.8752862402745,-1.30750243172577,179,"S00","SZ9","00","RD","ME"
"ZE3 9JY",10,59.8915722658791,-1.31384706906426,179,"S00","SZ9","00","RD","ME"
"ZE3 9JZ",10,59.8923919833513,-1.31089942381013,179,"S00","SZ9","00","RD","ME"
