"HS1 2AA",10,58.2081982952776,-6.38004261877948,179,"S00","SW9","00","RJ","MF"
"HS1 2AD",10,58.2088479452187,-6.38625670688353,179,"S00","SW9","00","RJ","MF"
"HS1 2AE",10,58.20682213473,-6.3865857583595,179,"S00","SW9","00","RJ","MF"
"HS1 2AF",10,58.2210882568287,-6.38441159390168,179,"S00","SW9","00","RJ","MG"
"HS1 2BA",10,58.2080030077462,-6.39068454755143,179,"S00","SW9","00","RJ","MF"
"HS1 2BB",10,58.2077593036127,-6.38574738880826,179,"S00","SW9","00","RJ","MF"
"HS1 2BD",10,58.2082574648269,-6.39008558605317,179,"S00","SW9","00","RJ","MF"
"HS1 2BE",10,58.2081486578455,-6.38906686323493,179,"S00","SW9","00","RJ","MF"
"HS1 2BG",10,58.2081202306104,-6.389370041752,179,"S00","SW9","00","RJ","MF"
"HS1 2BJ",10,58.2081327050387,-6.3877018145238,179,"S00","SW9","00","RJ","MF"
"HS1 2BN",10,58.2080997979373,-6.38604502061472,179,"S00","SW9","00","RJ","MF"
"HS1 2BQ",10,58.2081327050387,-6.3877018145238,179,"S00","SW9","00","RJ","MF"
"HS1 2BS",10,58.2069698671362,-6.38464465250448,179,"S00","SW9","00","RJ","MF"
"HS1 2BT",10,58.2067615630858,-6.38468708303911,179,"S00","SW9","00","RJ","MF"
"HS1 2BW",10,58.2091369611946,-6.37889753416952,179,"S00","SW9","00","RJ","MF"
"HS1 2DA",10,58.2087149835107,-6.3880293483902,179,"S00","SW9","00","RJ","MF"
"HS1 2DB",10,58.2082903932799,-6.38782353114664,179,"S00","SW9","00","RJ","MF"
"HS1 2DD",10,58.2094452165576,-6.38823886703792,179,"S00","SW9","00","RJ","MF"
"HS1 2DF",10,58.2095137369323,-6.38886074403189,179,"S00","SW9","00","RJ","MF"
"HS1 2DG",10,58.2104470242436,-6.38839676405346,179,"S00","SW9","00","RJ","MF"
"HS1 2DH",10,58.209901151836,-6.38805666676167,179,"S00","SW9","00","RJ","MF"
"HS1 2DJ",10,58.2140999426697,-6.38547413836447,179,"S00","SW9","00","RJ","MF"
"HS1 2DL",10,58.2099367110308,-6.38310262555384,179,"S00","SW9","00","RJ","MF"
"HS1 2DP",10,58.2082584649785,-6.38666096705714,179,"S00","SW9","00","RJ","MF"
"HS1 2DR",10,58.2095505393927,-6.3877918272404,179,"S00","SW9","00","RJ","MF"
"HS1 2DS",10,58.2106603936614,-6.3879460257754,179,"S00","SW9","00","RJ","MF"
"HS1 2DT",10,58.2113686271349,-6.38827211711003,179,"S00","SW9","00","RJ","MF"
"HS1 2DU",10,58.2124342939178,-6.38761997471646,179,"S00","SW9","00","RJ","MF"
"HS1 2DX",10,58.2133245510285,-6.38631560429115,179,"S00","SW9","00","RJ","MF"
"HS1 2DY",10,58.2130469420319,-6.38784905909587,179,"S00","SW9","00","RJ","MF"
"HS1 2DZ",10,58.2144147389322,-6.38573456586581,179,"S00","SW9","00","RJ","MF"
"HS1 2EB",10,58.2130860735962,-6.38749603813315,179,"S00","SW9","00","RJ","MF"
"HS1 2EG",10,58.217311322489,-6.38440521365682,179,"S00","SW9","00","RJ","MG"
"HS1 2EH",10,58.2176820129413,-6.38670068064288,179,"S00","SW9","00","RJ","MG"
"HS1 2EJ",10,58.2183441082734,-6.38758354628212,179,"S00","SW9","00","RJ","MG"
"HS1 2EP",10,58.2202626013122,-6.39741667549952,179,"S00","SW9","00","RJ","MG"
"HS1 2EU",10,58.2198814750865,-6.38707478933298,179,"S00","SW9","00","RJ","MG"
"HS1 2EW",10,58.2197622239601,-6.39210509140092,179,"S00","SW9","00","RJ","MG"
"HS1 2EX",10,58.2188049092522,-6.3875212038907,179,"S00","SW9","00","RJ","MG"
"HS1 2EY",10,58.2186458532763,-6.3856097143766,179,"S00","SW9","00","RJ","MG"
"HS1 2EZ",10,58.2187484531242,-6.3862870896637,179,"S00","SW9","00","RJ","MG"
"HS1 2FA",10,58.2091369611946,-6.37889753416952,179,"S00","SW9","00","RJ","MF"
"HS1 2FB",10,58.2091369611946,-6.37889753416952,179,"S00","SW9","00","RJ","MF"
"HS1 2FD",10,58.2091369611946,-6.37889753416952,179,"S00","SW9","00","RJ","MF"
"HS1 2FE",10,58.2091369611946,-6.37889753416952,179,"S00","SW9","00","RJ","MF"
"HS1 2FF",10,58.2091369611946,-6.37889753416952,179,"S00","SW9","00","RJ","MF"
"HS1 2FG",10,58.2091369611946,-6.37889753416952,179,"S00","SW9","00","RJ","MF"
"HS1 2FH",10,58.2091369611946,-6.37889753416952,179,"S00","SW9","00","RJ","MF"
"HS1 2FJ",10,58.2091369611946,-6.37889753416952,179,"S00","SW9","00","RJ","MF"
"HS1 2FL",10,58.2091369611946,-6.37889753416952,179,"S00","SW9","00","RJ","MF"
"HS1 2FP",10,58.2091369611946,-6.37889753416952,179,"S00","SW9","00","RJ","MF"
"HS1 2FQ",10,58.2091369611946,-6.37889753416952,179,"S00","SW9","00","RJ","MF"
"HS1 2FR",10,58.2091369611946,-6.37889753416952,179,"S00","SW9","00","RJ","MF"
"HS1 2GA",10,58.2091369611946,-6.37889753416952,179,"S00","SW9","00","RJ","MF"
"HS1 2GB",10,58.2091369611946,-6.37889753416952,179,"S00","SW9","00","RJ","MF"
"HS1 2GD",10,58.2091369611946,-6.37889753416952,179,"S00","SW9","00","RJ","MF"
"HS1 2GE",10,58.2091369611946,-6.37889753416952,179,"S00","SW9","00","RJ","MF"
"HS1 2GF",10,58.2091369611946,-6.37889753416952,179,"S00","SW9","00","RJ","MF"
"HS1 2GG",10,58.2091369611946,-6.37889753416952,179,"S00","SW9","00","RJ","MF"
"HS1 2GH",10,58.2091369611946,-6.37889753416952,179,"S00","SW9","00","RJ","MF"
"HS1 2GJ",10,58.2091369611946,-6.37889753416952,179,"S00","SW9","00","RJ","MF"
"HS1 2GL",10,58.2091369611946,-6.37889753416952,179,"S00","SW9","00","RJ","MF"
"HS1 2GN",10,58.2091369611946,-6.37889753416952,179,"S00","SW9","00","RJ","MF"
"HS1 2GP",10,58.2091369611946,-6.37889753416952,179,"S00","SW9","00","RJ","MF"
"HS1 2GQ",10,58.2091369611946,-6.37889753416952,179,"S00","SW9","00","RJ","MF"
"HS1 2GR",10,58.2091369611946,-6.37889753416952,179,"S00","SW9","00","RJ","MF"
"HS1 2GS",10,58.2091369611946,-6.37889753416952,179,"S00","SW9","00","RJ","MF"
"HS1 2GT",10,58.2091369611946,-6.37889753416952,179,"S00","SW9","00","RJ","MF"
"HS1 2GU",10,58.2091369611946,-6.37889753416952,179,"S00","SW9","00","RJ","MF"
"HS1 2GW",10,58.2091369611946,-6.37889753416952,179,"S00","SW9","00","RJ","MF"
"HS1 2GY",10,58.2091369611946,-6.37889753416952,179,"S00","SW9","00","RJ","MF"
"HS1 2GZ",10,58.2091369611946,-6.37889753416952,179,"S00","SW9","00","RJ","MF"
"HS1 2HA",10,58.2183425525219,-6.38710613998164,179,"S00","SW9","00","RJ","MG"
"HS1 2HB",10,58.2179049166314,-6.38623397776673,179,"S00","SW9","00","RJ","MG"
"HS1 2HD",10,58.2175951797802,-6.38556511225515,179,"S00","SW9","00","RJ","MG"
"HS1 2HE",10,58.2176782849225,-6.38419489626943,179,"S00","SW9","00","RJ","MG"
"HS1 2HF",10,58.2172218750501,-6.38151393649608,179,"S00","SW9","00","RJ","MG"
"HS1 2HG",10,58.2181778238562,-6.38405207926316,179,"S00","SW9","00","RJ","MG"
"HS1 2HH",10,58.2186617656778,-6.38305515860653,179,"S00","SW9","00","RJ","MG"
"HS1 2HJ",10,58.2177645689924,-6.38011522751227,179,"S00","SW9","00","RJ","MG"
"HS1 2HL",10,58.217306030118,-6.38299000578785,179,"S00","SW9","00","RJ","MG"
"HS1 2HN",10,58.2167602869011,-6.38133766227203,179,"S00","SW9","00","RJ","MG"
"HS1 2HP",10,58.2154927628378,-6.38184585304824,179,"S00","SW9","00","RJ","MG"
"HS1 2HQ",10,58.218195714274,-6.38327029955089,179,"S00","SW9","00","RJ","MG"
"HS1 2HR",10,58.2161592499659,-6.37998530962097,179,"S00","SW9","00","RJ","MG"
"HS1 2HT",10,58.2149446188929,-6.383925443473,179,"S00","SW9","00","RJ","MG"
"HS1 2HU",10,58.2163605048667,-6.38381058618937,179,"S00","SW9","00","RJ","MG"
"HS1 2JA",10,58.2096441647109,-6.38533271795534,179,"S00","SW9","00","RJ","MF"
"HS1 2JB",10,58.2097037441141,-6.38595348730902,179,"S00","SW9","00","RJ","MF"
"HS1 2JD",10,58.2102529347029,-6.38671994618297,179,"S00","SW9","00","RJ","MF"
"HS1 2JE",10,58.2104787476258,-6.38538468074586,179,"S00","SW9","00","RJ","MF"
"HS1 2JF",10,58.209582229507,-6.38399601714206,179,"S00","SW9","00","RJ","MF"
"HS1 2JG",10,58.2107651251351,-6.3859482835105,179,"S00","SW9","00","RJ","MF"
"HS1 2JH",10,58.2120461069303,-6.38661774204682,179,"S00","SW9","00","RJ","MF"
"HS1 2JJ",10,58.2125808782856,-6.38571250518325,179,"S00","SW9","00","RJ","MF"
"HS1 2JL",10,58.2119115756913,-6.38556166443483,179,"S00","SW9","00","RJ","MF"
"HS1 2JN",10,58.2115370213021,-6.38599251956756,179,"S00","SW9","00","RJ","MF"
"HS1 2JP",10,58.2081982952776,-6.38004261877948,179,"S00","SW9","00","RJ","MF"
"HS1 2JQ",10,58.2113030247244,-6.38756536950252,179,"S00","SW9","00","RJ","MF"
"HS1 2JR",10,58.2115790365353,-6.3839869803621,179,"S00","SW9","00","RJ","MF"
"HS1 2JS",10,58.2127987098784,-6.38487034076364,179,"S00","SW9","00","RJ","MF"
"HS1 2JT",10,58.2128109815198,-6.38529787331733,179,"S00","SW9","00","RJ","MF"
"HS1 2JU",10,58.2127073906085,-6.38412631523102,179,"S00","SW9","00","RJ","MF"
"HS1 2JW",10,58.2108704402318,-6.38550122011375,179,"S00","SW9","00","RJ","MF"
"HS1 2JX",10,58.2138135749548,-6.38569437981036,179,"S00","SW9","00","RJ","MF"
"HS1 2JY",10,58.2136249213286,-6.38490422573888,179,"S00","SW9","00","RJ","MF"
"HS1 2JZ",10,58.2105270408848,-6.38685605022152,179,"S00","SW9","00","RJ","MF"
"HS1 2LA",10,58.214099730496,-6.38443459329543,179,"S00","SW9","00","RJ","MF"
"HS1 2LB",10,58.215346051941,-6.38428177296641,179,"S00","SW9","00","RJ","MG"
"HS1 2LD",10,58.2170408490257,-6.37840687055903,179,"S00","SW9","00","RJ","MG"
"HS1 2LE",10,58.2162409675933,-6.37917736390041,179,"S00","SW9","00","RJ","MG"
"HS1 2LF",10,58.2154077074999,-6.37856331434248,179,"S00","SW9","00","RJ","MF"
"HS1 2LG",10,58.2146977972427,-6.37985611544319,179,"S00","SW9","00","RJ","MF"
"HS1 2LH",10,58.2142586931537,-6.38164240340705,179,"S00","SW9","00","RJ","MF"
"HS1 2LJ",10,58.2174526764614,-6.37976996879487,179,"S00","SW9","00","RJ","MG"
"HS1 2LL",10,58.2137515730675,-6.38200583949572,179,"S00","SW9","00","RJ","MF"
"HS1 2LP",10,58.2127458771716,-6.38222251804864,179,"S00","SW9","00","RJ","MF"
"HS1 2LQ",10,58.215218408771,-6.38067018734489,179,"S00","SW9","00","RJ","MG"
"HS1 2LR",10,58.2120723110599,-6.38271874750761,179,"S00","SW9","00","RJ","MF"
"HS1 2LS",10,58.2111318376036,-6.38313088786499,179,"S00","SW9","00","RJ","MF"
"HS1 2LW",10,58.2127028795531,-6.38294995628007,179,"S00","SW9","00","RJ","MF"
"HS1 2NA",10,58.2085567000818,-6.38557326105908,179,"S00","SW9","00","RJ","MF"
"HS1 2NB",10,58.2089131557613,-6.38566840407446,179,"S00","SW9","00","RJ","MF"
"HS1 2ND",10,58.2087546680806,-6.38452427268017,179,"S00","SW9","00","RJ","MF"
"HS1 2NE",10,58.2129471565416,-6.37584006819741,179,"S00","SW9","00","RJ","MF"
"HS1 2NF",10,58.2090462642077,-6.38336756008966,179,"S00","SW9","00","RJ","MF"
"HS1 2NG",10,58.209085732088,-6.38195820705407,179,"S00","SW9","00","RJ","MF"
"HS1 2NH",10,58.213849457949,-6.37549117706738,179,"S00","SW9","00","RJ","MF"
"HS1 2NJ",10,58.2116497695076,-6.3806217770181,179,"S00","SW9","00","RJ","MF"
"HS1 2NL",10,58.2135199941478,-6.37696721307821,179,"S00","SW9","00","RJ","MF"
"HS1 2NP",10,58.2122185001376,-6.37610810491852,179,"S00","SW9","00","RJ","MF"
"HS1 2NQ",10,58.2105070733142,-6.38194618965674,179,"S00","SW9","00","RJ","MF"
"HS1 2NS",10,58.2144813523745,-6.37516006731477,179,"S00","SW9","00","RJ","MF"
"HS1 2NW",10,58.2131786811103,-6.37433493787197,179,"S00","SW9","00","RJ","MF"
"HS1 2NX",10,58.2153270712186,-6.373577164939,179,"S00","SW9","00","RJ","MF"
"HS1 2NY",10,58.2143480794461,-6.37222958033881,179,"S00","SW9","00","RJ","MF"
"HS1 2NZ",10,58.2141480859392,-6.3701940902823,179,"S00","SW9","00","RJ","MF"
"HS1 2PA",10,58.2117348680986,-6.37185664219338,179,"S00","SW9","00","RJ","MF"
"HS1 2PB",10,58.2123938751459,-6.37047232425482,179,"S00","SW9","00","RJ","MF"
"HS1 2PG",10,58.215092926523,-6.37070236377966,179,"S00","SW9","00","RJ","MF"
"HS1 2PH",10,58.2135470368761,-6.36962591565726,179,"S00","SW9","00","RJ","MF"
"HS1 2PJ",10,58.2125265598406,-6.3713236373946,179,"S00","SW9","00","RJ","MF"
"HS1 2PL",10,58.2130281872788,-6.37085714251052,179,"S00","SW9","00","RJ","MF"
"HS1 2PP",10,58.213614003166,-6.37108263555699,179,"S00","SW9","00","RJ","MF"
"HS1 2PQ",10,58.2142545194619,-6.36840082454831,179,"S00","SW9","00","RJ","MF"
"HS1 2PR",10,58.2135675766702,-6.37191192339071,179,"S00","SW9","00","RJ","MF"
"HS1 2PS",10,58.2123307558826,-6.37336140683216,179,"S00","SW9","00","RJ","MF"
"HS1 2PT",10,58.2114504580334,-6.37568967936925,179,"S00","SW9","00","RJ","MF"
"HS1 2PU",10,58.2081982952776,-6.38004261877948,179,"S00","SW9","00","RJ","MF"
"HS1 2PX",10,58.2081982952776,-6.38004261877948,179,"S00","SW9","00","RJ","MF"
"HS1 2PY",10,58.2114596977966,-6.37673025415893,179,"S00","SW9","00","RJ","MF"
"HS1 2PZ",10,58.2100780570302,-6.37925214841288,179,"S00","SW9","00","RJ","MF"
"HS1 2QG",10,58.2083172313264,-6.3846917585759,179,"S00","SW9","00","RJ","MF"
"HS1 2QH",10,58.2084838596992,-6.38403079119456,179,"S00","SW9","00","RJ","MF"
"HS1 2QJ",10,58.2086755732331,-6.38264025198184,179,"S00","SW9","00","RJ","MF"
"HS1 2QN",10,58.208179943248,-6.38319246161883,179,"S00","SW9","00","RJ","MF"
"HS1 2QP",10,58.220109228689,-6.4010792471678,179,"S00","SW9","00","RJ","MG"
"HS1 2QQ",10,58.20795863997,-6.38492009205858,179,"S00","SW9","00","RJ","MF"
"HS1 2QR",10,58.2208501197551,-6.39759173973444,179,"S00","SW9","00","RJ","MG"
"HS1 2QS",10,58.2080086506671,-6.38398915801358,179,"S00","SW9","00","RJ","MF"
"HS1 2QT",10,58.207598992686,-6.3823029185978,179,"S00","SW9","00","RJ","MF"
"HS1 2QY",10,58.2069080998261,-6.38277990283871,179,"S00","SW9","00","RJ","MF"
"HS1 2QZ",10,58.220084350706,-6.39345736208958,179,"S00","SW9","00","RJ","MG"
"HS1 2RA",10,58.2067732449827,-6.37990091908282,179,"S00","SW9","00","RJ","MF"
"HS1 2RB",10,58.2065589463419,-6.380641180291,179,"S00","SW9","00","RJ","MF"
"HS1 2RD",10,58.2072378070715,-6.37789662981337,179,"S00","SW9","00","RJ","MF"
"HS1 2RE",10,58.2055923633873,-6.38050490783291,179,"S00","SW9","00","RJ","MF"
"HS1 2RF",10,58.2066585659773,-6.37695629851769,179,"S00","SW9","00","RJ","MF"
"HS1 2RL",10,58.2055092363101,-6.37533241457238,179,"S00","SW9","00","RJ","MF"
"HS1 2RN",10,58.2051687152488,-6.37503490714045,179,"S00","SW9","00","RJ","MF"
"HS1 2RP",10,58.2051219716959,-6.37482470598826,179,"S00","SW9","00","RJ","MF"
"HS1 2RR",10,58.204858608512,-6.3733271027187,179,"S00","SW9","00","RJ","MF"
"HS1 2RS",10,58.2024871376054,-6.3821491541103,179,"S00","SW9","00","RJ","MF"
"HS1 2RT",10,58.203310964929,-6.37570896190166,179,"S00","SW9","00","RJ","MF"
"HS1 2RW",10,58.2050068644833,-6.3763438405149,179,"S00","SW9","00","RJ","MF"
"HS1 2RX",10,58.2045050111197,-6.36973995734024,179,"S00","SW9","00","RJ","MF"
"HS1 2RY",10,58.2036501611002,-6.37106581100285,179,"S00","SW9","00","RJ","MF"
"HS1 2RZ",10,58.2036511115209,-6.36946453239133,179,"S00","SW9","00","RJ","MF"
"HS1 2SA",10,58.2091369611946,-6.37889753416952,179,"S00","SW9","00","RJ","MF"
"HS1 2SD",10,58.2053405224883,-6.37081386980414,179,"S00","SW9","00","RJ","MF"
"HS1 2SE",10,58.2052553302822,-6.37303521984142,179,"S00","SW9","00","RJ","MF"
"HS1 2SF",10,58.2056804390574,-6.37244015791426,179,"S00","SW9","00","RJ","MF"
"HS1 2SG",10,58.2129717122698,-6.36331825810112,179,"S00","SW9","00","RJ","MF"
"HS1 2SH",10,58.2075469386645,-6.36888755009426,179,"S00","SW9","00","RJ","MF"
"HS1 2SJ",10,58.2081397270214,-6.37022131686897,179,"S00","SW9","00","RJ","MF"
"HS1 2SL",10,58.2081137731935,-6.37124041891188,179,"S00","SW9","00","RJ","MF"
"HS1 2SQ",10,58.2072318671433,-6.36968363980228,179,"S00","SW9","00","RJ","MF"
"HS1 2SS",10,58.2080543406604,-6.36562752829356,179,"S00","SW9","00","RJ","MF"
"HS1 2ST",10,58.2102949051898,-6.36453987268656,179,"S00","SW9","00","RJ","MF"
"HS1 2SU",10,58.2086494728982,-6.36242931330948,179,"S00","SW9","00","RJ","MF"
"HS1 2SX",10,58.207722505496,-6.36192355872519,179,"S00","SW9","00","RJ","MF"
"HS1 2TA",10,58.212650589956,-6.38028517308961,179,"S00","SW9","00","RJ","MF"
"HS1 2TB",10,58.2131934795552,-6.3791422594076,179,"S00","SW9","00","RJ","MF"
"HS1 2TD",10,58.2141547666804,-6.378647353843,179,"S00","SW9","00","RJ","MF"
"HS1 2TE",10,58.2149765752364,-6.37697638923454,179,"S00","SW9","00","RJ","MF"
"HS1 2TF",10,58.2140819046103,-6.37788855341989,179,"S00","SW9","00","RJ","MF"
"HS1 2TG",10,58.2143757739637,-6.37666373403733,179,"S00","SW9","00","RJ","MF"
"HS1 2TL",10,58.2162716759677,-6.37382988558326,179,"S00","SW9","00","RJ","MG"
"HS1 2TN",10,58.2161677851894,-6.37449877171988,179,"S00","SW9","00","RJ","MG"
"HS1 2TP",10,58.2185372967211,-6.38118205795858,179,"S00","SW9","00","RJ","MG"
"HS1 2TQ",10,58.215480702803,-6.37591378503866,179,"S00","SW9","00","RJ","MG"
"HS1 2TR",10,58.2190268150612,-6.38420807557279,179,"S00","SW9","00","RJ","MG"
"HS1 2TS",10,58.2201736855943,-6.38668480336797,179,"S00","SW9","00","RJ","MG"
"HS1 2TT",10,58.2212494712634,-6.38678368382049,179,"S00","SW9","00","RJ","MG"
"HS1 2TU",10,58.2207565049981,-6.39013165684083,179,"S00","SW9","00","RJ","MG"
"HS1 2TW",10,58.2173418694734,-6.37644999683993,179,"S00","SW9","00","RJ","MG"
"HS1 2TX",10,58.2211933810811,-6.38919710296251,179,"S00","SW9","00","RJ","MG"
"HS1 2TY",10,58.2220919450555,-6.39522292324723,179,"S00","SW9","00","RJ","MG"
"HS1 2TZ",10,58.2217877484408,-6.3938727775343,179,"S00","SW9","00","RJ","MG"
"HS1 2UA",10,58.2213268051192,-6.39289528729862,179,"S00","SW9","00","RJ","MG"
"HS1 2UB",10,58.2216184812653,-6.391738242359,179,"S00","SW9","00","RJ","MG"
"HS1 2UD",10,58.2162417280532,-6.37234352400105,179,"S00","SW9","00","RJ","MG"
"HS1 2UE",10,58.2190643457061,-6.37395245253417,179,"S00","SW9","00","RJ","MG"
"HS1 2UF",10,58.220282648495,-6.3788067866905,179,"S00","SW9","00","RJ","MG"
"HS1 2UG",10,58.218998711962,-6.3818866707613,179,"S00","SW9","00","RJ","MG"
"HS1 2UH",10,58.2223799522992,-6.39391200860287,179,"S00","SW9","00","RJ","MG"
"HS1 2UJ",10,58.2228507394078,-6.39277710819559,179,"S00","SW9","00","RJ","MG"
"HS1 2UL",10,58.2132787245701,-6.360390915663,179,"S00","SW9","00","RJ","MF"
"HS1 2UN",10,58.2127053255261,-6.36006488580392,179,"S00","SW9","00","RJ","MF"
"HS1 2UP",10,58.2124649373859,-6.36025688743496,179,"S00","SW9","00","RJ","MF"
"HS1 2UQ",10,58.2204094360302,-6.38584468060224,179,"S00","SW9","00","RJ","MG"
"HS1 2UR",10,58.2125787730988,-6.35824307229202,179,"S00","SW9","00","RJ","MF"
"HS1 2UT",10,58.2138672902009,-6.36158790742752,179,"S00","SW9","00","RJ","MF"
"HS1 2UU",10,58.2138488868316,-6.35923399909035,179,"S00","SW9","00","RJ","MF"
"HS1 2UX",10,58.2118345865569,-6.35607284986529,179,"S00","SW9","00","RJ","MF"
"HS1 2UY",10,58.2198096004089,-6.38367414075288,179,"S00","SW9","00","RJ","MG"
"HS1 2UZ",10,58.2136042720664,-6.36060130835261,179,"S00","SW9","00","RJ","MF"
"HS1 2WS",10,58.2081982952776,-6.38004261877948,179,"S00","SW9","00","RJ","MF"
"HS1 2WU",10,58.2081982952776,-6.38004261877948,179,"S00","SW9","00","RJ","MF"
"HS1 2XA",10,58.2081830696221,-6.39120092959166,179,"S00","SW9","00","RJ","MF"
"HS1 2XB",10,58.2087926590624,-6.38655657495248,179,"S00","SW9","00","RJ","MF"
"HS1 2XD",10,58.2084161554631,-6.38756645458456,179,"S00","SW9","00","RJ","MF"
"HS1 2XE",10,58.2086229020543,-6.38783054331977,179,"S00","SW9","00","RJ","MF"
"HS1 2XF",10,58.2081535231348,-6.38918673396637,179,"S00","SW9","00","RJ","MF"
"HS1 2XG",10,58.2083929746474,-6.38928448738449,179,"S00","SW9","00","RJ","MF"
"HS1 2XH",10,58.2081982952776,-6.38004261877948,179,"S00","SW9","00","RJ","MF"
"HS1 2XJ",10,58.2083820627413,-6.38986245064939,179,"S00","SW9","00","RJ","MF"
"HS1 2XN",10,58.2083773458325,-6.39156572765692,179,"S00","SW9","00","RJ","MF"
"HS1 2XP",10,58.2081078950221,-6.39207763397013,179,"S00","SW9","00","RJ","MF"
"HS1 2XQ",10,58.2086219201857,-6.38890385978402,179,"S00","SW9","00","RJ","MF"
"HS1 2XS",10,58.2078824766185,-6.39157267714762,179,"S00","SW9","00","RJ","MF"
"HS1 2XT",10,58.2071569260698,-6.3912273751086,179,"S00","SW9","00","RJ","MF"
"HS1 2XX",10,58.2078223397597,-6.39096889769521,179,"S00","SW9","00","RJ","MF"
"HS1 2XY",10,58.2078223397597,-6.39096889769521,179,"S00","SW9","00","RJ","MF"
"HS1 2YA",10,58.2223232486806,-6.38275737430775,179,"S00","SW9","00","RJ","MG"
"HS1 2YB",10,58.2218356054228,-6.38360053724785,179,"S00","SW9","00","RJ","MG"
"HS1 2YD",10,58.2232174616555,-6.38656672190786,179,"S00","SW9","00","RJ","MG"
"HS1 2YE",10,58.223283060273,-6.38805780922611,179,"S00","SW9","00","RJ","MG"
"HS1 2YF",10,58.2230963506463,-6.38904041597492,179,"S00","SW9","00","RJ","MG"
"HS1 2YG",10,58.2221471193583,-6.38813894071501,179,"S00","SW9","00","RJ","MG"
"HS1 2YH",10,58.2222399878729,-6.38700839321764,179,"S00","SW9","00","RJ","MG"
"HS1 2YJ",10,58.2223090874345,-6.38839760181566,179,"S00","SW9","00","RJ","MG"
"HS1 2YL",10,58.2222631126162,-6.38999417122322,179,"S00","SW9","00","RJ","MG"
"HS1 2YN",10,58.2224431178939,-6.39207892765603,179,"S00","SW9","00","RJ","MG"
"HS1 2YP",10,58.222942719136,-6.39036801691187,179,"S00","SW9","00","RJ","MG"
"HS1 2YR",10,58.2228543755476,-6.38483433614921,179,"S00","SW9","00","RJ","MG"
"HS1 2YS",10,58.221995659613,-6.38522254491599,179,"S00","SW9","00","RJ","MG"
"HS1 2YT",10,58.2209423660645,-6.39543849304913,179,"S00","SW9","00","RJ","MG"
"HS1 2YU",10,58.2203453985597,-6.39371125428837,179,"S00","SW9","00","RJ","MG"
"HS1 2YW",10,58.2225619287396,-6.39045727108642,179,"S00","SW9","00","RJ","MG"
"HS1 2YY",10,58.2081982952776,-6.38004261877948,179,"S00","SW9","00","RJ","MF"
"HS1 2ZB",10,58.2081982952776,-6.38004261877948,179,"S00","SW9","00","RJ","MF"
"HS1 9AA",10,58.2081982952776,-6.38004261877948,179,"S00","SW9","00","RJ","MF"
"HS1 9AB",10,58.2081982952776,-6.38004261877948,179,"S00","SW9","00","RJ","MF"
"HS2 0AA",10,58.2192612633077,-6.3490079399827,179,"S00","SW9","00","RJ","MF"
"HS2 0AB",10,58.213675159389,-6.33532159674812,179,"S00","SW9","00","RJ","MF"
"HS2 0AD",10,58.208129917945,-6.35263670262633,179,"S00","SW9","00","RJ","MF"
"HS2 0AE",10,58.2020253033571,-6.35785088362611,179,"S00","SW9","00","RJ","MF"
"HS2 0AG",10,58.2043481273693,-6.35145767602184,179,"S00","SW9","00","RJ","MF"
"HS2 0AH",10,58.1931799357679,-6.34140406395652,179,"S00","SW9","00","RJ","MF"
"HS2 0AL",10,58.2049378067643,-6.34629971531089,179,"S00","SW9","00","RJ","MF"
"HS2 0AN",10,58.2022367383618,-6.34375460609112,179,"S00","SW9","00","RJ","MF"
"HS2 0AP",10,58.2022623205835,-6.3514406220899,179,"S00","SW9","00","RJ","MF"
"HS2 0AQ",10,58.1950562050883,-6.35415168813241,179,"S00","SW9","00","RJ","MF"
"HS2 0AR",10,58.2026467164737,-6.34095984143499,179,"S00","SW9","00","RJ","MF"
"HS2 0AS",10,58.2026134838276,-6.33903078867783,179,"S00","SW9","00","RJ","MF"
"HS2 0AT",10,58.2019345923159,-6.34048100187993,179,"S00","SW9","00","RJ","MF"
"HS2 0AU",10,58.2016783402693,-6.3398193968297,179,"S00","SW9","00","RJ","MF"
"HS2 0AX",10,58.2016136299164,-6.34119131260672,179,"S00","SW9","00","RJ","MF"
"HS2 0AY",10,58.2019339835358,-6.33785753991183,179,"S00","SW9","00","RJ","MF"
"HS2 0AZ",10,58.1984378973392,-6.32959531842271,179,"S00","SW9","00","RJ","MF"
"HS2 0BB",10,58.2098231941069,-6.31633027877512,179,"S00","SW9","00","RJ","ME"
"HS2 0BD",10,58.209535027562,-6.32058893335209,179,"S00","SW9","00","RJ","ME"
"HS2 0BG",10,58.2105529890066,-6.31655530541193,179,"S00","SW9","00","RJ","ME"
"HS2 0BN",10,58.2140246600174,-6.32185101224559,179,"S00","SW9","00","RJ","ME"
"HS2 0BP",10,58.1949561595309,-6.26537208260948,179,"S00","SW9","00","RJ","ME"
"HS2 0BQ",10,58.2049976575616,-6.31170620631556,179,"S00","SW9","00","RJ","ME"
"HS2 0BR",10,58.2180066669698,-6.4106525695919,179,"S00","SW9","00","RJ","MG"
"HS2 0BS",10,58.205747058857,-6.26457255259177,179,"S00","SW9","00","RJ","ME"
"HS2 0BT",10,58.2187923412431,-6.41185805261757,179,"S00","SW9","00","RJ","MG"
"HS2 0BW",10,58.202460604695,-6.26872618280691,179,"S00","SW9","00","RJ","ME"
"HS2 0DB",10,58.2188712689718,-6.40697628250073,179,"S00","SW9","00","RJ","MG"
"HS2 0DD",10,58.2165016624788,-6.41048260152857,179,"S00","SW9","00","RJ","MG"
"HS2 0DE",10,58.2137290222203,-6.41731255666956,179,"S00","SW9","00","RJ","MG"
"HS2 0DF",10,58.2177151734359,-6.41569525644815,179,"S00","SW9","00","RJ","MG"
"HS2 0DG",10,58.2182658044246,-6.41615576304411,179,"S00","SW9","00","RJ","MG"
"HS2 0DH",10,58.2209969791924,-6.41312072088598,179,"S00","SW9","00","RJ","MG"
"HS2 0DJ",10,58.2180623374673,-6.42098785670045,179,"S00","SW9","00","RJ","MG"
"HS2 0DL",10,58.2203875024077,-6.41643681350197,179,"S00","SW9","00","RJ","MG"
"HS2 0DN",10,58.2252238118376,-6.40766293861388,179,"S00","SW9","00","RJ","MG"
"HS2 0DP",10,58.2251577249662,-6.39498897434081,179,"S00","SW9","00","RJ","MG"
"HS2 0DR",10,58.227285875529,-6.39247380090258,179,"S00","SW9","00","RJ","MG"
"HS2 0DS",10,58.2259047818997,-6.38713758823303,179,"S00","SW9","00","RJ","MG"
"HS2 0DT",10,58.23060349855,-6.3849225473659,179,"S00","SW9","00","RJ","MG"
"HS2 0DU",10,58.2373390912359,-6.38283927547569,179,"S00","SW9","00","RJ","MG"
"HS2 0DW",10,58.2290092053456,-6.40690569933899,179,"S00","SW9","00","RJ","MG"
"HS2 0DX",10,58.2189698173047,-6.40906787098849,179,"S00","SW9","00","RJ","MG"
"HS2 0DY",10,58.2315073436227,-6.38975702876623,179,"S00","SW9","00","RJ","MG"
"HS2 0DZ",10,58.2328723332717,-6.39972993289526,179,"S00","SW9","00","RJ","MG"
"HS2 0EA",10,58.2372712963049,-6.39447773919663,179,"S00","SW9","00","RJ","MG"
"HS2 0EB",10,58.2358026770915,-6.3901180918764,179,"S00","SW9","00","RJ","MG"
"HS2 0ED",10,58.2425251987507,-6.39129143343785,179,"S00","SW9","00","RJ","MG"
"HS2 0EE",10,58.2486663590673,-6.40150224952833,179,"S00","SW9","00","RJ","MH"
"HS2 0EF",10,58.2475839955075,-6.39768344141846,179,"S00","SW9","00","RJ","MG"
"HS2 0EG",10,58.2240987573155,-6.3852608345064,179,"S00","SW9","00","RJ","MG"
"HS2 0EH",10,58.2199632202847,-6.4123274461194,179,"S00","SW9","00","RJ","MG"
"HS2 0EJ",10,58.2499548081394,-6.39908636013935,179,"S00","SW9","00","RJ","MH"
"HS2 0EL",10,58.2127915744647,-6.41685509093855,179,"S00","SW9","00","RJ","MG"
"HS2 0EP",10,58.2419542550759,-6.16543077995206,179,"S00","SW9","00","RJ","ME"
"HS2 0ER",10,58.2414458847527,-6.16530286797892,179,"S00","SW9","00","RJ","ME"
"HS2 0ES",10,58.2411788176623,-6.16522034860308,179,"S00","SW9","00","RJ","ME"
"HS2 0EU",10,58.2428033958362,-6.1598007370052,179,"S00","SW9","00","RJ","ME"
"HS2 0EW",10,58.2284336674188,-6.16945175868044,179,"S00","SW9","00","RJ","ME"
"HS2 0EX",10,58.2421684525991,-6.16658140849005,179,"S00","SW9","00","RJ","ME"
"HS2 0EY",10,58.2472642609083,-6.16170547134928,179,"S00","SW9","00","RJ","ME"
"HS2 0EZ",10,58.2502883827964,-6.16134404868974,179,"S00","SW9","00","RJ","ME"
"HS2 0FS",10,58.225091770453,-6.38332091686834,179,"S00","SW9","00","RJ","MG"
"HS2 0GS",10,58.2243557128138,-6.38406526061932,179,"S00","SW9","00","RJ","MG"
"HS2 0GT",10,58.2306414681259,-6.38617183588511,179,"S00","SW9","00","RJ","MG"
"HS2 0HA",10,58.2504380289681,-6.15399319712613,179,"S00","SW9","00","RJ","ME"
"HS2 0HB",10,58.2608948261692,-6.13907858438036,179,"S00","SW9","00","RJ","ME"
"HS2 0HD",10,58.2574950928838,-6.16287246443518,179,"S00","SW9","00","RJ","ME"
"HS2 0HE",10,58.2503874794913,-6.1709755867479,179,"S00","SW9","00","RJ","ME"
"HS2 0HF",10,58.2459989052683,-6.32914175624838,179,"S00","SW9","00","RJ","MH"
"HS2 0HJ",10,58.2454509100588,-6.34763167321744,179,"S00","SW9","00","RJ","MH"
"HS2 0HL",10,58.2436340441966,-6.35133159446751,179,"S00","SW9","00","RJ","MH"
"HS2 0HP",10,58.2447345662473,-6.35281404549954,179,"S00","SW9","00","RJ","MH"
"HS2 0HR",10,58.2460686131475,-6.35562155394441,179,"S00","SW9","00","RJ","MH"
"HS2 0HS",10,58.2442784623754,-6.34482727441032,179,"S00","SW9","00","RJ","MH"
"HS2 0HT",10,58.246224529785,-6.32911813529177,179,"S00","SW9","00","RJ","MH"
"HS2 0HU",10,58.2476915761408,-6.33649528543705,179,"S00","SW9","00","RJ","MH"
"HS2 0HW",10,58.2447459776849,-6.354060513646,179,"S00","SW9","00","RJ","MH"
"HS2 0HX",10,58.2480254053432,-6.34465532752281,179,"S00","SW9","00","RJ","MH"
"HS2 0HY",10,58.2410739674251,-6.350454693219,179,"S00","SW9","00","RJ","MH"
"HS2 0HZ",10,58.2390111425592,-6.35187284376328,179,"S00","SW9","00","RJ","MH"
"HS2 0JA",10,58.2402004345001,-6.35259859992173,179,"S00","SW9","00","RJ","MH"
"HS2 0JB",10,58.2403234351307,-6.3532105712248,179,"S00","SW9","00","RJ","MH"
"HS2 0JD",10,58.2459034914385,-6.35466317385189,179,"S00","SW9","00","RJ","MH"
"HS2 0JF",10,58.2438674149591,-6.3566132638648,179,"S00","SW9","00","RJ","MH"
"HS2 0JN",10,58.2747329511126,-6.30570015568608,179,"S00","SW9","00","RJ","MH"
"HS2 0JP",10,58.2744155264831,-6.30844390437044,179,"S00","SW9","00","RJ","MH"
"HS2 0JR",10,58.2722885264682,-6.30538595055688,179,"S00","SW9","00","RJ","MH"
"HS2 0JS",10,58.2739244125238,-6.2950018658022,179,"S00","SW9","00","RJ","MH"
"HS2 0JT",10,58.2738553305136,-6.29758800296473,179,"S00","SW9","00","RJ","MH"
"HS2 0JY",10,58.27564414059,-6.30241397709738,179,"S00","SW9","00","RJ","MH"
"HS2 0JZ",10,58.2763286234744,-6.30611606307842,179,"S00","SW9","00","RJ","MH"
"HS2 0LA",10,58.2769204074526,-6.30110094154352,179,"S00","SW9","00","RJ","MH"
"HS2 0LB",10,58.2793990125053,-6.30066789431111,179,"S00","SW9","00","RJ","MH"
"HS2 0LD",10,58.2851116223271,-6.30380348173914,179,"S00","SW9","00","RJ","MH"
"HS2 0LF",10,58.2819533632944,-6.30145618552163,179,"S00","SW9","00","RJ","MH"
"HS2 0LH",10,58.2884866813088,-6.30452118277891,179,"S00","SW9","00","RJ","MH"
"HS2 0LJ",10,58.2773497271208,-6.28968147161695,179,"S00","SW9","00","RJ","MH"
"HS2 0LN",10,58.277767969631,-6.29435837759285,179,"S00","SW9","00","RJ","MH"
"HS2 0LP",10,58.277913678512,-6.32121204393454,179,"S00","SW9","00","RJ","MH"
"HS2 0LQ",10,58.2824997319343,-6.29243953789135,179,"S00","SW9","00","RJ","MH"
"HS2 0LR",10,58.2754600772569,-6.32647756840278,179,"S00","SW9","00","RJ","MH"
"HS2 0LS",10,58.2679333516393,-6.33282873423157,179,"S00","SW9","00","RJ","MH"
"HS2 0LT",10,58.2570414428935,-6.33154829258559,179,"S00","SW9","00","RJ","MH"
"HS2 0LW",10,58.2563199258074,-6.33531592082695,179,"S00","SW9","00","RJ","MH"
"HS2 0NA",10,58.2819516086345,-6.28252197617747,179,"S00","SW9","00","RJ","MH"
"HS2 0NB",10,58.2969812972487,-6.28001936293506,179,"S00","SW9","00","RJ","MH"
"HS2 0ND",10,58.3203948849346,-6.23045153302598,179,"S00","SW9","00","RJ","MH"
"HS2 0NE",10,58.3465480939654,-6.2140169644109,179,"S00","SW9","00","RJ","MH"
"HS2 0NF",10,58.3378110559233,-6.22126807034626,179,"S00","SW9","00","RJ","MH"
"HS2 0NG",10,58.3414141974623,-6.21672217578661,179,"S00","SW9","00","RJ","MH"
"HS2 0NH",10,58.3461277084278,-6.2136760553604,179,"S00","SW9","00","RJ","MH"
"HS2 0NJ",10,58.3428285919665,-6.20873349496219,179,"S00","SW9","00","RJ","MH"
"HS2 0NL",10,58.3481522015101,-6.21200189981225,179,"S00","SW9","00","RJ","MH"
"HS2 0NN",10,58.3552603247703,-6.21596338475029,179,"S00","SW9","00","RJ","MH"
"HS2 0NP",10,58.3378054264148,-6.20698950744028,179,"S00","SW9","00","RJ","MH"
"HS2 0NR",10,58.3403309731623,-6.20265602441769,179,"S00","SW9","00","RJ","MH"
"HS2 0NT",10,58.3406691367975,-6.19729248664543,179,"S00","SW9","00","RJ","MH"
"HS2 0NW",10,58.3435991068864,-6.20554170816662,179,"S00","SW9","00","RJ","MH"
"HS2 0PA",10,58.2054510322807,-6.28492913360728,179,"S00","SW9","00","RJ","ME"
"HS2 0PB",10,58.2081162495633,-6.27652759001519,179,"S00","SW9","00","RJ","ME"
"HS2 0PD",10,58.208344074415,-6.25951767425298,179,"S00","SW9","00","RJ","ME"
"HS2 0PE",10,58.2093265269257,-6.25406418759497,179,"S00","SW9","00","RJ","ME"
"HS2 0PF",10,58.2098599534229,-6.25128275752277,179,"S00","SW9","00","RJ","ME"
"HS2 0PH",10,58.2114321103491,-6.24755209732803,179,"S00","SW9","00","RJ","ME"
"HS2 0PJ",10,58.2143909540492,-6.24700295458462,179,"S00","SW9","00","RJ","ME"
"HS2 0PL",10,58.2167882327772,-6.23467929776016,179,"S00","SW9","00","RJ","ME"
"HS2 0PN",10,58.2180403872473,-6.24542862500316,179,"S00","SW9","00","RJ","ME"
"HS2 0PP",10,58.2318500091071,-6.20671069101838,179,"S00","SW9","00","RJ","ME"
"HS2 0PQ",10,58.2100043115085,-6.24830135770085,179,"S00","SW9","00","RJ","ME"
"HS2 0PR",10,58.2162083805671,-6.24265340852927,179,"S00","SW9","00","RJ","ME"
"HS2 0PS",10,58.2209218571063,-6.22365136305946,179,"S00","SW9","00","RJ","ME"
"HS2 0PT",10,58.2343154458551,-6.19956957390736,179,"S00","SW9","00","RJ","ME"
"HS2 0PU",10,58.2351608156764,-6.2003857273281,179,"S00","SW9","00","RJ","ME"
"HS2 0PW",10,58.2201389054393,-6.22882436650394,179,"S00","SW9","00","RJ","ME"
"HS2 0PX",10,58.2144546180762,-6.23075441054633,179,"S00","SW9","00","RJ","ME"
"HS2 0PY",10,58.2195808581742,-6.22504265414148,179,"S00","SW9","00","RJ","ME"
"HS2 0PZ",10,58.2312218947532,-6.20585202544757,179,"S00","SW9","00","RJ","ME"
"HS2 0QA",10,58.203484312964,-6.21961869189216,179,"S00","SW9","00","RJ","ME"
"HS2 0QB",10,58.1990614809015,-6.22527613097967,179,"S00","SW9","00","RJ","ME"
"HS2 0QD",10,58.1945289255347,-6.21768660422239,179,"S00","SW9","00","RJ","ME"
"HS2 0QE",10,58.194743038213,-6.21447626051497,179,"S00","SW9","00","RJ","ME"
"HS2 0QF",10,58.2018321840635,-6.22795636377767,179,"S00","SW9","00","RJ","ME"
"HS2 0QG",10,58.2086995923772,-6.21446280553485,179,"S00","SW9","00","RJ","ME"
"HS2 0QH",10,58.2060165910727,-6.20121437864344,179,"S00","SW9","00","RJ","ME"
"HS2 0QN",10,58.3523693954891,-6.53264580259753,179,"S00","SW9","00","RJ","MJ"
"HS2 0QQ",10,58.2090187780228,-6.21323993667494,179,"S00","SW9","00","RJ","ME"
"HS2 0QR",10,58.357544355995,-6.52899808080091,179,"S00","SW9","00","RJ","MJ"
"HS2 0QS",10,58.3531368511239,-6.52240994126144,179,"S00","SW9","00","RJ","MJ"
"HS2 0QW",10,58.3550793638702,-6.55154212313905,179,"S00","SW9","00","RJ","MJ"
"HS2 0QX",10,58.366516939209,-6.50747058204471,179,"S00","SW9","00","RJ","MJ"
"HS2 0QY",10,58.3573730680085,-6.51325025110858,179,"S00","SW9","00","RJ","MJ"
"HS2 0QZ",10,58.3508611659795,-6.5137693857145,179,"S00","SW9","00","RJ","MJ"
"HS2 0RA",10,58.3478868969335,-6.51725541589231,179,"S00","SW9","00","RJ","MJ"
"HS2 0RB",10,58.3462067293849,-6.51262702536754,179,"S00","SW9","00","RJ","MJ"
"HS2 0RG",10,58.3920046167417,-6.4857559495396,179,"S00","SW9","00","RJ","MJ"
"HS2 0RH",10,58.4034466503406,-6.4687422591384,179,"S00","SW9","00","RJ","MJ"
"HS2 0RJ",10,58.4042163320402,-6.46369964519727,179,"S00","SW9","00","RJ","MJ"
"HS2 0RL",10,58.4033892490386,-6.46033947274494,179,"S00","SW9","00","RJ","MJ"
"HS2 0RQ",10,58.3980357120591,-6.47636474961832,179,"S00","SW9","00","RJ","MJ"
"HS2 0RR",10,58.4271459795175,-6.42835609642855,179,"S00","SW9","00","RJ","MJ"
"HS2 0RS",10,58.4205777572454,-6.42948419974427,179,"S00","SW9","00","RJ","MJ"
"HS2 0RT",10,58.4137795787539,-6.43776401555684,179,"S00","SW9","00","RJ","MJ"
"HS2 0RU",10,58.415288810766,-6.43444064769099,179,"S00","SW9","00","RJ","MJ"
"HS2 0RX",10,58.4150036700054,-6.44136320599882,179,"S00","SW9","00","RJ","MJ"
"HS2 0RY",10,58.4107352118214,-6.44204174599887,179,"S00","SW9","00","RJ","MJ"
"HS2 0RZ",10,58.4121109099188,-6.45575406975792,179,"S00","SW9","00","RJ","MJ"
"HS2 0SD",10,58.2487650931988,-6.40775780008078,179,"S00","SW9","00","RJ","MH"
"HS2 0SG",10,58.4338279406331,-6.40098836591164,179,"S00","SW9","00","RJ","MJ"
"HS2 0SH",10,58.4413634427361,-6.39263477299634,179,"S00","SW9","00","RJ","MJ"
"HS2 0SJ",10,58.4439633266137,-6.3789628243712,179,"S00","SW9","00","RJ","MJ"
"HS2 0SN",10,58.472781700562,-6.28364174354861,179,"S00","SW9","00","RJ","MJ"
"HS2 0SP",10,58.4681602185626,-6.31282298109815,179,"S00","SW9","00","RJ","MJ"
"HS2 0SR",10,58.472703321372,-6.32822908134964,179,"S00","SW9","00","RJ","MJ"
"HS2 0ST",10,58.4672684570463,-6.31580296032075,179,"S00","SW9","00","RJ","MJ"
"HS2 0SU",10,58.4698842890945,-6.28584610377316,179,"S00","SW9","00","RJ","MJ"
"HS2 0SW",10,58.4693278982553,-6.29252372723232,179,"S00","SW9","00","RJ","MJ"
"HS2 0SY",10,58.4739273114428,-6.28084595874351,179,"S00","SW9","00","RJ","MJ"
"HS2 0SZ",10,58.4759309332027,-6.27820595271483,179,"S00","SW9","00","RJ","MJ"
"HS2 0TA",10,58.4807600988221,-6.26876700288118,179,"S00","SW9","00","RJ","MJ"
"HS2 0TB",10,58.4761689667678,-6.26621788864976,179,"S00","SW9","00","RJ","MJ"
"HS2 0TD",10,58.4746528652824,-6.27123526646966,179,"S00","SW9","00","RJ","MJ"
"HS2 0TG",10,58.4848905397914,-6.2559782681239,179,"S00","SW9","00","RJ","MJ"
"HS2 0TH",10,58.4789865758104,-6.2395884486534,179,"S00","SW9","00","RJ","MJ"
"HS2 0TJ",10,58.4851436611744,-6.24021129203339,179,"S00","SW9","00","RJ","MJ"
"HS2 0TL",10,58.4846839842197,-6.23888515182998,179,"S00","SW9","00","RJ","MJ"
"HS2 0TN",10,58.485469647192,-6.24122941165174,179,"S00","SW9","00","RJ","MJ"
"HS2 0TQ",10,58.4784176787482,-6.25213831638957,179,"S00","SW9","00","RJ","MJ"
"HS2 0TR",10,58.4820874775389,-6.22875080475177,179,"S00","SW9","00","RJ","MJ"
"HS2 0TS",10,58.4728934629834,-6.21796343302934,179,"S00","SW9","00","RJ","MJ"
"HS2 0TW",10,58.4823530404439,-6.22996748429383,179,"S00","SW9","00","RJ","MJ"
"HS2 0TX",10,58.4758803702681,-6.20889753337239,179,"S00","SW9","00","RJ","MJ"
"HS2 0XA",10,58.4922551807481,-6.23100549862798,179,"S00","SW9","00","RJ","MJ"
"HS2 0XB",10,58.4894913565862,-6.2425221825736,179,"S00","SW9","00","RJ","MJ"
"HS2 0XD",10,58.4933645345635,-6.25073617055307,179,"S00","SW9","00","RJ","MJ"
"HS2 0XF",10,58.4982690379409,-6.23976929616789,179,"S00","SW9","00","RJ","MJ"
"HS2 0XG",10,58.5007039493475,-6.25231193237733,179,"S00","SW9","00","RJ","MJ"
"HS2 0XH",10,58.5025802049977,-6.26458237932409,179,"S00","SW9","00","RJ","MJ"
"HS2 0XJ",10,58.4866484064728,-6.23713024947562,179,"S00","SW9","00","RJ","MJ"
"HS2 0XP",10,58.2159126812179,-6.39577004182467,179,"S00","SW9","00","RJ","MG"
"HS2 0XR",10,58.2130000722285,-6.39651705267615,179,"S00","SW9","00","RJ","MG"
"HS2 0XS",10,58.2100686911935,-6.3918090026302,179,"S00","SW9","00","RJ","MG"
"HS2 0YF",10,58.2081982952776,-6.38004261877948,179,"S00","SW9","00","RJ","MF"
"HS2 9AA",10,58.2644244518858,-6.78246548217552,179,"S00","SW9","00","RJ","MD"
"HS2 9AD",10,58.3010614317062,-6.74757115186828,179,"S00","SW9","00","RJ","MD"
"HS2 9AE",10,58.3110813488089,-6.73281608672218,179,"S00","SW9","00","RJ","MJ"
"HS2 9AG",10,58.2868470783861,-6.76547716706823,179,"S00","SW9","00","RJ","MD"
"HS2 9AH",10,58.2835608571773,-6.76001349821079,179,"S00","SW9","00","RJ","MD"
"HS2 9AJ",10,58.2925244155134,-6.78035264037854,179,"S00","SW9","00","RJ","MD"
"HS2 9AL",10,58.2949298793691,-6.78409459900703,179,"S00","SW9","00","RJ","MD"
"HS2 9AN",10,58.2928554265854,-6.77944069200449,179,"S00","SW9","00","RJ","MD"
"HS2 9AP",10,58.2815479601663,-6.79311316965309,179,"S00","SW9","00","RJ","MD"
"HS2 9AQ",10,58.284987612478,-6.7487622020816,179,"S00","SW9","00","RJ","MD"
"HS2 9AU",10,58.2800323323011,-6.7656184281435,179,"S00","SW9","00","RJ","MD"
"HS2 9AW",10,58.2839930739626,-6.77949055671689,179,"S00","SW9","00","RJ","MD"
"HS2 9AX",10,58.2755584887897,-6.75678606626349,179,"S00","SW9","00","RJ","MD"
"HS2 9AY",10,58.2752329948641,-6.78401089194037,179,"S00","SW9","00","RJ","MD"
"HS2 9AZ",10,58.2688423108919,-6.79345895981575,179,"S00","SW9","00","RJ","MD"
"HS2 9BD",10,58.3302612618223,-6.66898318529444,179,"S00","SW9","00","RJ","MJ"
"HS2 9BE",10,58.326767586319,-6.67105214164554,179,"S00","SW9","00","RJ","MJ"
"HS2 9BG",10,58.3191868613665,-6.67517877878385,179,"S00","SW9","00","RJ","MJ"
"HS2 9BJ",10,58.3233122680281,-6.69878865742742,179,"S00","SW9","00","RJ","MJ"
"HS2 9BL",10,58.3144747297786,-6.69181939555799,179,"S00","SW9","00","RJ","MJ"
"HS2 9BP",10,58.3404470978483,-6.66937185010744,179,"S00","SW9","00","RJ","MJ"
"HS2 9BQ",10,58.3271539488595,-6.68211493784314,179,"S00","SW9","00","RJ","MJ"
"HS2 9BW",10,58.3333497655963,-6.66963081219025,179,"S00","SW9","00","RJ","MJ"
"HS2 9DA",10,58.3353432562673,-6.62026269224234,179,"S00","SW9","00","RJ","MJ"
"HS2 9DB",10,58.3420288218552,-6.59650553076203,179,"S00","SW9","00","RJ","MJ"
"HS2 9DD",10,58.3339515575654,-6.63632729748566,179,"S00","SW9","00","RJ","MJ"
"HS2 9DE",10,58.3326702129623,-6.6356974035104,179,"S00","SW9","00","RJ","MJ"
"HS2 9DF",10,58.3335243752367,-6.63471498896185,179,"S00","SW9","00","RJ","MJ"
"HS2 9DG",10,58.3331545613816,-6.63499139775954,179,"S00","SW9","00","RJ","MJ"
"HS2 9DH",10,58.3406887427265,-6.65363267595593,179,"S00","SW9","00","RJ","MJ"
"HS2 9DJ",10,58.345326565274,-6.59534385258944,179,"S00","SW9","00","RJ","MJ"
"HS2 9DQ",10,58.3318151250561,-6.63645734071193,179,"S00","SW9","00","RJ","MJ"
"HS2 9DR",10,58.1881159738939,-6.74977267094179,179,"S00","SW9","00","RJ","MD"
"HS2 9DS",10,58.1893135980462,-6.70636234474687,179,"S00","SW9","00","RJ","MD"
"HS2 9DT",10,58.1740068186067,-6.60840021533865,179,"S00","SW9","00","RJ","MD"
"HS2 9DU",10,58.1698890434978,-6.57041763997879,179,"S00","SW9","00","RJ","MD"
"HS2 9DW",10,58.2419145202283,-6.78159470245839,179,"S00","SW9","00","RJ","MD"
"HS2 9DX",10,58.2029284457061,-6.73631616937987,179,"S00","SW9","00","RJ","MD"
"HS2 9DY",10,58.1994112801789,-6.73680115306469,179,"S00","SW9","00","RJ","MD"
"HS2 9DZ",10,58.2104653870085,-6.7380376872795,179,"S00","SW9","00","RJ","MD"
"HS2 9EA",10,58.2152127661347,-6.74317155744467,179,"S00","SW9","00","RJ","MD"
"HS2 9ED",10,58.2178581936992,-6.74459913321336,179,"S00","SW9","00","RJ","MD"
"HS2 9EF",10,58.2211852909985,-6.74945963888559,179,"S00","SW9","00","RJ","MD"
"HS2 9EJ",10,58.1680435449378,-6.73949844093353,179,"S00","SW9","00","RJ","MD"
"HS2 9EL",10,58.1403395836287,-6.87025859368104,179,"S00","SW9","00","RJ","MD"
"HS2 9EN",10,58.1120071487365,-6.86189743673827,179,"S00","SW9","00","RJ","MD"
"HS2 9EP",10,58.1677927573257,-6.91223931600746,179,"S00","SW9","00","RJ","MD"
"HS2 9ER",10,58.1904272217113,-6.93690280022953,179,"S00","SW9","00","RJ","MD"
"HS2 9ET",10,58.1910332110311,-7.01007410127384,179,"S00","SW9","00","RJ","MD"
"HS2 9EU",10,58.1789796261645,-7.02736414740965,179,"S00","SW9","00","RJ","MD"
"HS2 9EW",10,58.1268633291921,-6.87848188558353,179,"S00","SW9","00","RJ","MD"
"HS2 9EX",10,58.1760653498701,-7.04803513882058,179,"S00","SW9","00","RJ","MD"
"HS2 9EY",10,58.1699195769204,-7.08467383783212,179,"S00","SW9","00","RJ","MD"
"HS2 9HA",10,58.1342788704288,-7.11099948351852,179,"S00","SW9","00","RJ","MD"
"HS2 9HB",10,58.1189243396915,-7.11022365527673,179,"S00","SW9","00","RJ","MD"
"HS2 9HE",10,58.2014105678546,-6.95431265081712,179,"S00","SW9","00","RJ","MD"
"HS2 9HH",10,58.1496719781194,-6.89338439374651,179,"S00","SW9","00","RJ","MD"
"HS2 9HJ",10,58.1600374607444,-6.89450439953668,179,"S00","SW9","00","RJ","MD"
"HS2 9HL",10,58.1812911015883,-6.90700350126957,179,"S00","SW9","00","RJ","MD"
"HS2 9HP",10,58.2155543925585,-6.97021600443299,179,"S00","SW9","00","RJ","MD"
"HS2 9HR",10,58.2238589001631,-6.95425923406992,179,"S00","SW9","00","RJ","MD"
"HS2 9HS",10,58.2214363868381,-6.94691292624658,179,"S00","SW9","00","RJ","MD"
"HS2 9HU",10,58.2045930049464,-6.92467641720265,179,"S00","SW9","00","RJ","MD"
"HS2 9HW",10,58.2060278668414,-6.96165531016538,179,"S00","SW9","00","RJ","MD"
"HS2 9HX",10,58.203374724742,-6.94845157005249,179,"S00","SW9","00","RJ","MD"
"HS2 9JA",10,58.2320455697914,-7.02913862404729,179,"S00","SW9","00","RJ","MD"
"HS2 9JB",10,58.1935557221226,-6.42951951415827,179,"S00","SW9","00","RJ","MD"
"HS2 9JD",10,58.1966201522116,-7.01510538315182,179,"S00","SW9","00","RJ","MD"
"HS2 9JE",10,58.1998171480829,-7.01342687096726,179,"S00","SW9","00","RJ","MD"
"HS2 9JF",10,58.1932591204337,-7.03780274065552,179,"S00","SW9","00","RJ","MD"
"HS2 9JG",10,58.200498195066,-7.01052373364015,179,"S00","SW9","00","RJ","MD"
"HS2 9JH",10,58.0987676525464,-6.86230028693309,179,"S00","SW9","00","RJ","MD"
"HS2 9JL",10,58.0065425468964,-6.75080755596379,179,"S00","SW9","00","RJ","MC"
"HS2 9JN",10,58.2056203229661,-6.42006914159901,179,"S00","SW9","00","RJ","MH"
"HS2 9JP",10,58.1518341115802,-6.50261524912828,179,"S00","SW9","00","RJ","MD"
"HS2 9JR",10,58.131691990718,-6.50605325951466,179,"S00","SW9","00","RJ","MD"
"HS2 9JT",10,58.1039840169827,-6.49149014101954,179,"S00","SW9","00","RJ","MD"
"HS2 9JW",10,58.1854812958886,-6.45320384638509,179,"S00","SW9","00","RJ","MD"
"HS2 9JX",10,58.1068119081758,-6.4791372395152,179,"S00","SW9","00","RJ","MD"
"HS2 9JY",10,58.1892654689633,-6.37539271247897,179,"S00","SW9","00","RJ","MD"
"HS2 9LA",10,58.1055795225686,-6.55010525353286,179,"S00","SW9","00","RJ","MD"
"HS2 9LE",10,58.0592298494782,-6.67313259006798,179,"S00","SW9","00","RJ","MD"
"HS2 9LG",10,58.0539699391258,-6.58840539115722,179,"S00","SW9","00","RJ","MC"
"HS2 9LN",10,58.1937624563123,-6.79282726358041,179,"S00","SW9","00","RJ","MD"
"HS2 9LP",10,58.2022767715923,-6.82986323355812,179,"S00","SW9","00","RJ","MD"
"HS2 9LQ",10,58.0166516019939,-6.52902515836209,179,"S00","SW9","00","RJ","MC"
"HS2 9LS",10,58.2082607628019,-6.82435445750186,179,"S00","SW9","00","RJ","MD"
"HS2 9LT",10,58.228662594201,-6.84049906017062,179,"S00","SW9","00","RJ","MD"
"HS2 9LU",10,58.2238024474984,-6.83748280478194,179,"S00","SW9","00","RJ","MD"
"HS2 9LW",10,58.1979576115607,-6.81278273645447,179,"S00","SW9","00","RJ","MD"
"HS2 9LX",10,58.2114063863955,-6.78961923231773,179,"S00","SW9","00","RJ","MD"
"HS2 9LY",10,58.2069927365618,-6.79742549735134,179,"S00","SW9","00","RJ","MD"
"HS2 9LZ",10,58.254617431359,-6.85629792675965,179,"S00","SW9","00","RJ","MD"
"HS2 9NA",10,58.2420357609442,-6.87364700730434,179,"S00","SW9","00","RJ","MD"
"HS2 9NB",10,58.2253638804011,-6.85957308317215,179,"S00","SW9","00","RJ","MD"
"HS2 9ND",10,58.2091293918408,-6.85099261696358,179,"S00","SW9","00","RJ","MD"
"HS2 9NF",10,58.1715112810297,-6.47484184140452,179,"S00","SW9","00","RJ","MD"
"HS2 9NG",50,58.1715112810297,-6.47484184140452,179,"S00","SW9","00","RJ","MD"
"HS2 9NH",10,58.1449224032259,-6.41232528457781,179,"S00","SW9","00","RJ","MD"
"HS2 9NJ",10,58.1586832475608,-6.43353115522346,179,"S00","SW9","00","RJ","MD"
"HS2 9NL",10,58.1395335782685,-6.43308487878704,179,"S00","SW9","00","RJ","MD"
"HS2 9NN",10,58.136500327338,-6.41089049211377,179,"S00","SW9","00","RJ","MD"
"HS2 9NP",10,58.1330786766642,-6.43017294000978,179,"S00","SW9","00","RJ","MD"
"HS2 9NR",10,58.1440232658271,-6.47262723129607,179,"S00","SW9","00","RJ","MD"
"HS2 9NS",10,58.1420376255565,-6.45538720282713,179,"S00","SW9","00","RJ","MD"
"HS2 9NT",10,58.1445784999749,-6.45653866865906,179,"S00","SW9","00","RJ","MD"
"HS2 9NU",10,58.1432626623581,-6.46406158714532,179,"S00","SW9","00","RJ","MD"
"HS2 9NW",10,58.1381552011345,-6.42901902860143,179,"S00","SW9","00","RJ","MD"
"HS2 9NX",10,58.1443166316472,-6.48933273252864,179,"S00","SW9","00","RJ","MD"
"HS2 9NY",10,58.1484661239162,-6.4976471781009,179,"S00","SW9","00","RJ","MD"
"HS2 9PA",10,58.1505980837144,-6.50068959781217,179,"S00","SW9","00","RJ","MD"
"HS2 9PB",10,58.1554637803171,-6.49967172914204,179,"S00","SW9","00","RJ","MD"
"HS2 9PE",10,58.1565820482882,-6.49729496619714,179,"S00","SW9","00","RJ","MD"
"HS2 9PJ",10,58.1034736739506,-6.52846316693789,179,"S00","SW9","00","RJ","MD"
"HS2 9PN",10,58.0931903375541,-6.59300901589647,179,"S00","SW9","00","RJ","MD"
"HS2 9PP",10,58.0926438071709,-6.60786877423854,179,"S00","SW9","00","RJ","MD"
"HS2 9PR",10,58.0928178458461,-6.60554725920155,179,"S00","SW9","00","RJ","MD"
"HS2 9PS",10,58.0916549677448,-6.6076051295501,179,"S00","SW9","00","RJ","MD"
"HS2 9PT",10,58.0895043248263,-6.61928403783261,179,"S00","SW9","00","RJ","MD"
"HS2 9PW",10,58.0977100378865,-6.58066361553006,179,"S00","SW9","00","RJ","MD"
"HS2 9PX",10,58.0867164335543,-6.63459814633366,179,"S00","SW9","00","RJ","MD"
"HS2 9QA",10,58.0892301484285,-6.51471570399135,179,"S00","SW9","00","RJ","MC"
"HS2 9QB",10,58.0848732937275,-6.53756400106786,179,"S00","SW9","00","RJ","MC"
"HS2 9QD",10,58.09023185634,-6.47875331187922,179,"S00","SW9","00","RJ","MC"
"HS2 9QE",10,58.0920186741418,-6.47040088167346,179,"S00","SW9","00","RJ","MC"
"HS2 9QH",10,58.1026094441303,-6.41592153729051,179,"S00","SW9","00","RJ","MC"
"HS2 9QJ",10,58.0945759647476,-6.42530430462828,179,"S00","SW9","00","RJ","MC"
"HS2 9QL",10,58.0906761592932,-6.43295517259299,179,"S00","SW9","00","RJ","MC"
"HS2 9QP",10,58.0834773380476,-6.39107330384284,179,"S00","SW9","00","RJ","MC"
"HS2 9QR",10,58.0693563069676,-6.3846011299956,179,"S00","SW9","00","RJ","MC"
"HS2 9QU",10,58.0549000366434,-6.44556489557382,179,"S00","SW9","00","RJ","MC"
"HS2 9QX",10,58.0487760767765,-6.42931584145442,179,"S00","SW9","00","RJ","MC"
"HS2 9QY",10,58.0529900403988,-6.46234306247015,179,"S00","SW9","00","RJ","MC"
"HS2 9QZ",10,58.0547644914261,-6.44712583965533,179,"S00","SW9","00","RJ","MC"
"HS2 9RA",10,58.081555461341,-6.61550399853332,179,"S00","SW9","00","RJ","MC"
"HS2 9RD",10,58.0171443139122,-6.43760090649986,179,"S00","SW9","00","RJ","MC"
"HS2 9RE",10,58.0202525093047,-6.4400204359214,179,"S00","SW9","00","RJ","MC"
"HS2 9RF",10,58.0206727607041,-6.4429201194777,179,"S00","SW9","00","RJ","MC"
"HS2 9RG",10,58.0187874710104,-6.46309220080398,179,"S00","SW9","00","RJ","MC"
"HS2 9WZ",10,58.2081982952776,-6.38004261877948,179,"S00","SW9","00","RJ","MF"
"HS2 9YB",10,58.2081982952776,-6.38004261877948,179,"S00","SW9","00","RJ","MF"
"HS3 3AA",10,57.9924441643353,-6.75400117032973,179,"S00","SW9","00","RJ","MC"
"HS3 3AB",10,58.0019444081823,-6.75565298684265,179,"S00","SW9","00","RJ","MC"
"HS3 3AD",10,58.0066122660918,-6.75351124095091,179,"S00","SW9","00","RJ","MC"
"HS3 3AG",10,57.9566860952824,-6.72876500882839,179,"S00","SW9","00","RJ","MC"
"HS3 3AH",10,57.908391183464,-6.83414671132198,179,"S00","SW9","00","RJ","MC"
"HS3 3AJ",10,57.9210074729015,-6.84888074571548,179,"S00","SW9","00","RJ","MC"
"HS3 3AL",10,57.9332253470146,-6.84696347196255,179,"S00","SW9","00","RJ","MC"
"HS3 3AQ",10,57.9499762786125,-6.72850608050886,179,"S00","SW9","00","RJ","MC"
"HS3 3AR",10,57.9522330841052,-6.94901725219538,179,"S00","SW9","00","RJ","MC"
"HS3 3AS",10,57.962972440471,-6.99498690290711,179,"S00","SW9","00","RJ","MC"
"HS3 3AT",10,57.9717025510238,-7.05780513495265,179,"S00","SW9","00","RJ","MC"
"HS3 3AU",10,57.9530784915963,-6.9499462767092,179,"S00","SW9","00","RJ","MC"
"HS3 3AW",10,57.9463868387579,-6.91125801588819,179,"S00","SW9","00","RJ","MC"
"HS3 3AX",10,57.9886084518353,-7.0809976740092,179,"S00","SW9","00","RJ","MC"
"HS3 3AY",10,57.9950304234539,-7.09653257329086,179,"S00","SW9","00","RJ","MC"
"HS3 3BD",10,57.918649301496,-6.68162910328343,179,"S00","SW9","00","RJ","MC"
"HS3 3BG",10,57.9017247456537,-6.8138345391639,179,"S00","SW9","00","RJ","MC"
"HS3 3BH",10,57.9008021206651,-6.81159880966727,179,"S00","SW9","00","RJ","MC"
"HS3 3BJ",10,57.902685033697,-6.81555161128199,179,"S00","SW9","00","RJ","MC"
"HS3 3BL",10,57.8990826076176,-6.78811992733695,179,"S00","SW9","00","RJ","MC"
"HS3 3BP",10,57.8894670613022,-6.73760199677657,179,"S00","SW9","00","RJ","MC"
"HS3 3BQ",10,57.8999238448247,-6.81388044681659,179,"S00","SW9","00","RJ","MC"
"HS3 3BS",10,57.8846004232437,-6.70331950635455,179,"S00","SW9","00","RJ","MC"
"HS3 3BW",10,57.8992997536497,-6.77115184375837,179,"S00","SW9","00","RJ","MC"
"HS3 3DA",10,57.8988595149135,-6.79092864616164,179,"S00","SW9","00","RJ","MC"
"HS3 3DB",10,57.8985556289588,-6.79610881520184,179,"S00","SW9","00","RJ","MC"
"HS3 3DD",10,57.8991251006167,-6.79532315870642,179,"S00","SW9","00","RJ","MC"
"HS3 3DE",10,57.8994830286805,-6.79489785083514,179,"S00","SW9","00","RJ","MC"
"HS3 3DF",10,57.8974249035692,-6.79722498945164,179,"S00","SW9","00","RJ","MC"
"HS3 3DG",10,57.8976335518426,-6.79860445476126,179,"S00","SW9","00","RJ","MC"
"HS3 3DH",10,57.8992599058717,-6.7984161918124,179,"S00","SW9","00","RJ","MC"
"HS3 3DJ",10,57.8982683555259,-6.80274413897916,179,"S00","SW9","00","RJ","MC"
"HS3 3DL",10,57.8997406765315,-6.80282270298032,179,"S00","SW9","00","RJ","MC"
"HS3 3DN",10,57.8955768390858,-6.80231677966472,179,"S00","SW9","00","RJ","MC"
"HS3 3DP",10,57.8881280898171,-6.80540897191677,179,"S00","SW9","00","RJ","MC"
"HS3 3DR",10,57.8798530591694,-6.81391144849021,179,"S00","SW9","00","RJ","MC"
"HS3 3DW",10,57.8523096043105,-6.76773887788873,179,"S00","SW9","00","RJ","MC"
"HS3 3DX",10,57.8522088403755,-6.7668312411073,179,"S00","SW9","00","RJ","MC"
"HS3 3DY",10,57.8662145692118,-6.79638734377062,179,"S00","SW9","00","RJ","MC"
"HS3 3DZ",10,57.8679792072157,-6.80536708843562,179,"S00","SW9","00","RJ","MC"
"HS3 3EB",10,57.8422037884832,-6.75540228764524,179,"S00","SW9","00","RJ","MC"
"HS3 3ED",10,57.8312771898412,-6.77014865914427,179,"S00","SW9","00","RJ","MC"
"HS3 3EF",10,57.833576180964,-6.80023640933025,179,"S00","SW9","00","RJ","MC"
"HS3 3EH",10,57.8284430227184,-6.83889324737827,179,"S00","SW9","00","RJ","MC"
"HS3 3EJ",10,57.8119542794956,-6.81647021372851,179,"S00","SW9","00","RJ","MC"
"HS3 3EL",10,57.8319497642321,-6.85725785453567,179,"S00","SW9","00","RJ","MC"
"HS3 3EN",10,57.8166725310889,-6.82603512821948,179,"S00","SW9","00","RJ","MC"
"HS3 3EP",10,57.8150228505463,-6.8039008539428,179,"S00","SW9","00","RJ","MC"
"HS3 3ER",10,57.8208067420005,-6.79442164676894,179,"S00","SW9","00","RJ","MC"
"HS3 3EX",10,57.8067662221279,-6.8636728912307,179,"S00","SW9","00","RJ","MC"
"HS3 3EY",10,57.8012989188531,-6.86595168902141,179,"S00","SW9","00","RJ","MC"
"HS3 3EZ",10,57.7983980369123,-6.87587202171809,179,"S00","SW9","00","RJ","MC"
"HS3 3HA",10,57.7964915698278,-6.88750930908434,179,"S00","SW9","00","RJ","MC"
"HS3 3HB",10,57.8144491296285,-6.85968635370007,179,"S00","SW9","00","RJ","MC"
"HS3 3HG",10,57.8899713528406,-6.80685474349159,179,"S00","SW9","00","RJ","MC"
"HS3 3HJ",10,57.8647095245798,-6.82299163289564,179,"S00","SW9","00","RJ","MC"
"HS3 3HL",10,57.8851137368899,-6.94522686071873,179,"S00","SW9","00","RJ","MC"
"HS3 3HP",10,57.8690326814344,-6.93887892099762,179,"S00","SW9","00","RJ","MC"
"HS3 3HQ",10,57.8850076211462,-6.81201770918719,179,"S00","SW9","00","RJ","MC"
"HS3 3HR",10,57.8579132938251,-6.97792742022475,179,"S00","SW9","00","RJ","MC"
"HS3 3HT",10,57.8428287695807,-7.00158700398188,179,"S00","SW9","00","RJ","MC"
"HS3 3HX",10,57.832327338072,-7.03386193405712,179,"S00","SW9","00","RJ","MC"
"HS3 3JA",10,57.7965711952109,-7.06545162610225,179,"S00","SW9","00","RJ","MC"
"HS3 3JD",10,57.7743157081417,-6.92276304106657,179,"S00","SW9","00","RJ","MC"
"HS3 3JE",10,57.7602760483392,-6.93742875856457,179,"S00","SW9","00","RJ","MC"
"HS3 3JF",10,57.767291973042,-6.91113181232834,179,"S00","SW9","00","RJ","MC"
"HS3 3JG",10,57.7760341111334,-6.91211921761389,179,"S00","SW9","00","RJ","MC"
"HS3 3JH",10,57.7775842296319,-6.91598447505512,179,"S00","SW9","00","RJ","MC"
"HS3 3JQ",10,57.7819024200191,-6.90370547808734,179,"S00","SW9","00","RJ","MC"
"HS3 3WZ",10,58.2081982952776,-6.38004261877948,179,"S00","SW9","00","RJ","MF"
"HS3 3YD",10,58.2081982952776,-6.38004261877948,179,"S00","SW9","00","RJ","MF"
"HS4 3XU",10,57.871759893383,-6.69834827183135,179,"S00","SW9","00","RJ","MC"
"HS4 3XX",10,57.8732860556219,-6.69842946873201,179,"S00","SW9","00","RJ","MC"
"HS4 3XY",10,57.8738060220329,-6.69216636632672,179,"S00","SW9","00","RJ","MC"
"HS4 3XZ",10,57.8768874236868,-6.697127168484,179,"S00","SW9","00","RJ","MC"
"HS4 3YA",10,57.8712813052959,-6.70130756317628,179,"S00","SW9","00","RJ","MC"
"HS4 3YB",10,57.8678947010254,-6.70191150752727,179,"S00","SW9","00","RJ","MC"
"HS4 3YD",10,57.87384725488,-6.70439489632206,179,"S00","SW9","00","RJ","MC"
"HS4 3YF",10,57.8681890511873,-6.69300351059306,179,"S00","SW9","00","RJ","MC"
"HS4 3YG",10,57.860372264568,-6.68011989895725,179,"S00","SW9","00","RJ","MC"
"HS5 3TL",10,57.7699273630943,-7.00929608113211,179,"S00","SW9","00","RJ","MC"
"HS5 3TN",10,57.7665799719117,-7.00362932999903,179,"S00","SW9","00","RJ","MC"
"HS5 3TS",10,57.7713961283133,-7.01468607548428,179,"S00","SW9","00","RJ","MC"
"HS5 3TT",10,57.7720201960175,-7.02049788457518,179,"S00","SW9","00","RJ","MC"
"HS5 3TU",10,57.7738178154786,-7.02212876872793,179,"S00","SW9","00","RJ","MC"
"HS5 3TW",10,57.7472825182597,-6.96802682705609,179,"S00","SW9","00","RJ","MC"
"HS5 3TX",10,57.7750820942285,-7.02631263109848,179,"S00","SW9","00","RJ","MC"
"HS5 3TY",10,57.7785250678279,-7.03656040701826,179,"S00","SW9","00","RJ","MC"
"HS5 3UA",10,57.7676674323367,-7.01591911630967,179,"S00","SW9","00","RJ","MC"
"HS5 3UB",10,57.765848623071,-7.01980799752808,179,"S00","SW9","00","RJ","MC"
"HS5 3UD",10,57.7517595645303,-7.00028050331512,179,"S00","SW9","00","RJ","MC"
"HS5 3UE",10,57.74406149799,-6.9831134850243,179,"S00","SW9","00","RJ","MC"
"HS6 5AA",10,57.6016106104645,-7.16362457362792,179,"S00","SW9","00","RJ","MB"
"HS6 5AB",10,57.6006524268124,-7.16263359639965,179,"S00","SW9","00","RJ","MB"
"HS6 5AD",10,57.5998320598217,-7.16223209876468,179,"S00","SW9","00","RJ","MB"
"HS6 5AE",10,57.6049309255561,-7.16208506484075,179,"S00","SW9","00","RJ","MB"
"HS6 5AF",10,57.6103316339188,-7.15742085978572,179,"S00","SW9","00","RJ","MB"
"HS6 5AG",10,57.6074439020436,-7.17672494174025,179,"S00","SW9","00","RJ","MB"
"HS6 5AH",10,57.5979405072102,-7.18398519897802,179,"S00","SW9","00","RJ","MB"
"HS6 5AJ",10,57.71179820687,-7.27921227526854,179,"S00","SW9","00","RJ","MB"
"HS6 5AP",10,57.6185508316962,-7.20025939769915,179,"S00","SW9","00","RJ","MB"
"HS6 5AR",10,57.6245097657962,-7.19998943209604,179,"S00","SW9","00","RJ","MB"
"HS6 5AS",10,57.6295065802918,-7.13602508923776,179,"S00","SW9","00","RJ","MB"
"HS6 5AT",10,57.6466281713004,-7.09411344378289,179,"S00","SW9","00","RJ","MB"
"HS6 5AW",10,57.6111841080922,-7.18183511664961,179,"S00","SW9","00","RJ","MB"
"HS6 5AX",10,57.6561510612207,-7.10582489908571,179,"S00","SW9","00","RJ","MB"
"HS6 5AY",10,57.6590633309895,-7.24562370625313,179,"S00","SW9","00","RJ","MB"
"HS6 5AZ",10,57.6781495306909,-7.21586830697902,179,"S00","SW9","00","RJ","MB"
"HS6 5BB",10,57.7168332898866,-7.17342311526773,179,"S00","SW9","00","RJ","MB"
"HS6 5BD",10,57.7173727198933,-7.1732144278062,179,"S00","SW9","00","RJ","MB"
"HS6 5BE",10,57.7255285753694,-7.17576050918638,179,"S00","SW9","00","RJ","MB"
"HS6 5BF",10,57.7192197461078,-7.17403356539389,179,"S00","SW9","00","RJ","MB"
"HS6 5BG",10,57.7216847477935,-7.16327038727476,179,"S00","SW9","00","RJ","MB"
"HS6 5BH",10,57.7116583811912,-7.17498626127667,179,"S00","SW9","00","RJ","MB"
"HS6 5BJ",10,57.7120420806959,-7.18186698664742,179,"S00","SW9","00","RJ","MB"
"HS6 5BL",10,57.7120995759348,-7.1756378131981,179,"S00","SW9","00","RJ","MB"
"HS6 5BP",10,57.6533765667598,-7.3255096551059,179,"S00","SW9","00","RJ","MB"
"HS6 5BQ",10,57.7241545289527,-7.15699685201762,179,"S00","SW9","00","RJ","MB"
"HS6 5BR",10,57.7180243520909,-7.1575015113186,179,"S00","SW9","00","RJ","MB"
"HS6 5BS",10,57.6501097218625,-7.34445050476051,179,"S00","SW9","00","RJ","MB"
"HS6 5BT",10,57.6512018913111,-7.34607190524127,179,"S00","SW9","00","RJ","MB"
"HS6 5BU",10,57.6474238665528,-7.35875770668889,179,"S00","SW9","00","RJ","MB"
"HS6 5BW",10,57.6465391711046,-7.27256092292036,179,"S00","SW9","00","RJ","MB"
"HS6 5BX",10,57.6429976735124,-7.37310715373772,179,"S00","SW9","00","RJ","MB"
"HS6 5BY",10,57.6339061222537,-7.38855565629522,179,"S00","SW9","00","RJ","MB"
"HS6 5BZ",10,57.6537102148959,-7.44792432696436,179,"S00","SW9","00","RJ","MB"
"HS6 5DA",10,57.6374890347856,-7.37524435144068,179,"S00","SW9","00","RJ","MB"
"HS6 5DE",10,57.6163987959324,-7.50176089400081,179,"S00","SW9","00","RJ","MB"
"HS6 5DF",10,57.6221616894208,-7.48889641543296,179,"S00","SW9","00","RJ","MB"
"HS6 5DG",10,57.6272268331682,-7.49162559223556,179,"S00","SW9","00","RJ","MB"
"HS6 5DH",10,57.642314170629,-7.48741522390579,179,"S00","SW9","00","RJ","MB"
"HS6 5DL",10,57.6088236400811,-7.51692851240264,179,"S00","SW9","00","RJ","MB"
"HS6 5DQ",10,57.6324384717116,-7.48892456232657,179,"S00","SW9","00","RJ","MB"
"HS6 5DS",10,57.5869233065791,-7.44375603206096,179,"S00","SW9","00","RJ","MB"
"HS6 5DT",10,57.5850421664721,-7.42832636285269,179,"S00","SW9","00","RJ","MB"
"HS6 5DU",10,57.5794054742848,-7.41563968041778,179,"S00","SW9","00","RJ","MB"
"HS6 5DW",10,57.6004875821908,-7.48749784615396,179,"S00","SW9","00","RJ","MB"
"HS6 5DX",10,57.5839183243251,-7.44248485745461,179,"S00","SW9","00","RJ","MB"
"HS6 5DY",10,57.577937262104,-7.4319729819809,179,"S00","SW9","00","RJ","MB"
"HS6 5DZ",10,57.5808487750777,-7.44770505353818,179,"S00","SW9","00","RJ","MB"
"HS6 5EB",10,57.5786148796947,-7.46229785296165,179,"S00","SW9","00","RJ","MB"
"HS6 5ED",10,57.5885358434389,-7.46347079328586,179,"S00","SW9","00","RJ","MB"
"HS6 5EF",10,57.5879484808928,-7.47554896231078,179,"S00","SW9","00","RJ","MB"
"HS6 5EH",10,57.5210300573914,-7.31568494656229,179,"S00","SW9","00","RJ","MB"
"HS6 5EJ",10,57.5264040657421,-7.31628510083119,179,"S00","SW9","00","RJ","MB"
"HS6 5EL",10,57.5243531799518,-7.31434656211389,179,"S00","SW9","00","RJ","MB"
"HS6 5EN",10,57.5355729989439,-7.32056849472945,179,"S00","SW9","00","RJ","MB"
"HS6 5EP",10,57.5653242615517,-7.38450351859733,179,"S00","SW9","00","RJ","MB"
"HS6 5ES",10,57.5562539504907,-7.35895153658196,179,"S00","SW9","00","RJ","MB"
"HS6 5ET",10,57.5488603853801,-7.35463223122232,179,"S00","SW9","00","RJ","MB"
"HS6 5EU",10,57.5505081749438,-7.26691073842267,179,"S00","SW9","00","RJ","MB"
"HS6 5EW",10,57.5748322653984,-7.40267961365978,179,"S00","SW9","00","RJ","MB"
"HS6 5EX",10,57.5513604562238,-7.21551240763326,179,"S00","SW9","00","RJ","MB"
"HS6 5HA",10,57.5657901583683,-7.29261766491738,179,"S00","SW9","00","RJ","MB"
"HS6 5HD",10,57.5524441174702,-7.33465258336947,179,"S00","SW9","00","RJ","MB"
"HS6 5HE",10,57.5437326652978,-7.34124196349896,179,"S00","SW9","00","RJ","MB"
"HS6 5HG",10,57.53854052842,-7.36303778004675,179,"S00","SW9","00","RJ","MB"
"HS6 5HL",10,57.5128808233795,-7.3145298052188,179,"S00","SW9","00","RJ","MB"
"HS6 5HN",10,57.5172718998656,-7.28247543714847,179,"S00","SW9","00","RJ","MB"
"HS6 5HP",10,57.5109597892515,-7.25872056721112,179,"S00","SW9","00","RJ","MB"
"HS6 5HQ",10,57.5328132400243,-7.38652218495726,179,"S00","SW9","00","RJ","MB"
"HS6 5HR",10,57.5230398562571,-7.31326848799726,179,"S00","SW9","00","RJ","MB"
"HS6 5HT",10,57.4962915018867,-7.26777017694103,179,"S00","SW9","00","RJ","MB"
"HS6 5HU",10,57.5004929895844,-7.24948859054486,179,"S00","SW9","00","RJ","MB"
"HS6 5HW",10,57.5181792318185,-7.26984669561807,179,"S00","SW9","00","RJ","MB"
"HS6 5HX",10,57.4892183644712,-7.22179855703058,179,"S00","SW9","00","RJ","MB"
"HS6 5HY",10,57.4800449387171,-7.2099614829238,179,"S00","SW9","00","RJ","MB"
"HS6 5JA",10,57.4857731484938,-7.23951767583244,179,"S00","SW9","00","RJ","MB"
"HS6 5JB",10,57.4893752459067,-7.25649458041587,179,"S00","SW9","00","RJ","MB"
"HS7 5AB",10,57.4732010978433,-7.39010002577061,179,"S00","SW9","00","RJ","MB"
"HS7 5LA",10,57.4717430040286,-7.37328123161021,179,"S00","SW9","00","RJ","MB"
"HS7 5LB",10,57.4720761680151,-7.3810641370845,179,"S00","SW9","00","RJ","MB"
"HS7 5LE",10,57.4715307007436,-7.39190792404479,179,"S00","SW9","00","RJ","MB"
"HS7 5LF",10,57.4723198219416,-7.39050441919732,179,"S00","SW9","00","RJ","MB"
"HS7 5LH",10,57.473074069154,-7.38844423537786,179,"S00","SW9","00","RJ","MB"
"HS7 5LQ",10,57.4722108609985,-7.38674663147187,179,"S00","SW9","00","RJ","MB"
"HS7 5LS",10,57.4731004007871,-7.39412763274686,179,"S00","SW9","00","RJ","MB"
"HS7 5LT",10,57.4652759443195,-7.38477150167374,179,"S00","SW9","00","RJ","MB"
"HS7 5LU",10,57.4577770366872,-7.39637255279057,179,"S00","SW9","00","RJ","MB"
"HS7 5LW",10,57.4735719177866,-7.37323308170287,179,"S00","SW9","00","RJ","MB"
"HS7 5LX",10,57.4718070635761,-7.35553480346826,179,"S00","SW9","00","RJ","MB"
"HS7 5LY",10,57.4741092794715,-7.33885081692793,179,"S00","SW9","00","RJ","MB"
"HS7 5LZ",10,57.4784709703057,-7.31873979736669,179,"S00","SW9","00","RJ","MB"
"HS7 5ND",10,57.472327765392,-7.39409697356924,179,"S00","SW9","00","RJ","MB"
"HS7 5NE",10,57.4715235436574,-7.39354383289544,179,"S00","SW9","00","RJ","MB"
"HS7 5NF",10,57.4726471235194,-7.39210624909956,179,"S00","SW9","00","RJ","MB"
"HS7 5NG",10,57.4717261733121,-7.37725421669721,179,"S00","SW9","00","RJ","MB"
"HS7 5PG",10,57.4109214544194,-7.33431363350756,179,"S00","SW9","00","RJ","MB"
"HS7 5PH",10,57.411443003747,-7.33432296662554,179,"S00","SW9","00","RJ","MB"
"HS7 5PJ",10,57.4255754859291,-7.35855488420755,179,"S00","SW9","00","RJ","MB"
"HS7 5PL",10,57.4208475885743,-7.34341727279784,179,"S00","SW9","00","RJ","MB"
"HS7 5PN",10,57.4368850840739,-7.38808112635193,179,"S00","SW9","00","RJ","MB"
"HS7 5PP",10,57.4338928775424,-7.36145929990339,179,"S00","SW9","00","RJ","MB"
"HS7 5PQ",10,57.4119876616944,-7.3346358341432,179,"S00","SW9","00","RJ","MB"
"HS7 5PR",10,57.4094603867655,-7.31017270861512,179,"S00","SW9","00","RJ","MB"
"HS7 5PS",10,57.4039681816933,-7.27906672565035,179,"S00","SW9","00","RJ","MB"
"HS7 5PT",10,57.3960605478021,-7.25282488173735,179,"S00","SW9","00","RJ","MB"
"HS7 5PW",10,57.4095453779602,-7.32899390922055,179,"S00","SW9","00","RJ","MB"
"HS7 5PY",10,57.423081132715,-7.33638730048897,179,"S00","SW9","00","RJ","MB"
"HS7 5PZ",10,57.4296213991382,-7.33834283429452,179,"S00","SW9","00","RJ","MB"
"HS7 5QA",10,57.4423558781426,-7.35123483941562,179,"S00","SW9","00","RJ","MB"
"HS7 5QB",10,57.4417665394232,-7.35281750862555,179,"S00","SW9","00","RJ","MB"
"HS7 5QD",10,57.4124776040193,-7.30925985426343,179,"S00","SW9","00","RJ","MB"
"HS7 5QF",10,57.4162206224192,-7.29967986664557,179,"S00","SW9","00","RJ","MB"
"HS7 5QG",10,57.4105728073494,-7.26599627895069,179,"S00","SW9","00","RJ","MB"
"HS7 5QH",10,57.4141253962242,-7.23675786709166,179,"S00","SW9","00","RJ","MB"
"HS7 5QJ",10,57.4268884996172,-7.2232717482779,179,"S00","SW9","00","RJ","MB"
"HS7 5QL",10,57.4178295592964,-7.23121752541796,179,"S00","SW9","00","RJ","MB"
"HS7 5QP",10,57.4793620333306,-7.30573843347214,179,"S00","SW9","00","RJ","MB"
"HS7 5QR",10,57.4772580824202,-7.28453432994793,179,"S00","SW9","00","RJ","MB"
"HS7 5QS",10,57.474099117274,-7.26974533178281,179,"S00","SW9","00","RJ","MB"
"HS8 5JH",10,57.0858227539532,-7.30125691724637,179,"S00","SW9","00","RJ","MA"
"HS8 5JJ",10,57.0859703394207,-7.30689760721545,179,"S00","SW9","00","RJ","MA"
"HS8 5JL",10,57.0823115937042,-7.30829070934915,179,"S00","SW9","00","RJ","MA"
"HS8 5JN",10,57.0747496455077,-7.30157335381862,179,"S00","SW9","00","RJ","MA"
"HS8 5JP",10,57.0685864468476,-7.2943317251469,179,"S00","SW9","00","RJ","MA"
"HS8 5JR",10,57.0883039747192,-7.29005810052882,179,"S00","SW9","00","RJ","MA"
"HS8 5JT",10,57.084825188111,-7.30716331318093,179,"S00","SW9","00","RJ","MA"
"HS8 5JU",10,57.0847832057083,-7.30836381982252,179,"S00","SW9","00","RJ","MA"
"HS8 5JW",10,57.0720122342152,-7.29779489061413,179,"S00","SW9","00","RJ","MA"
"HS8 5NA",10,57.352978057934,-7.25963834567048,179,"S00","SW9","00","RJ","MA"
"HS8 5NS",10,57.3289287095023,-7.28545705903551,179,"S00","SW9","00","RJ","MA"
"HS8 5NU",10,57.3711845205081,-7.29811256634583,179,"S00","SW9","00","RJ","MA"
"HS8 5NX",10,57.3691784967361,-7.28293230423482,179,"S00","SW9","00","RJ","MA"
"HS8 5NY",10,57.3594130328537,-7.26948635922466,179,"S00","SW9","00","RJ","MA"
"HS8 5NZ",10,57.3441325529155,-7.26757434186815,179,"S00","SW9","00","RJ","MA"
"HS8 5PD",10,57.3774675938306,-7.29892113011628,179,"S00","SW9","00","RJ","MA"
"HS8 5PE",10,57.3848320974592,-7.30416891043826,179,"S00","SW9","00","RJ","MA"
"HS8 5QX",10,57.4011857563062,-7.34571472210945,179,"S00","SW9","00","RJ","MA"
"HS8 5QY",10,57.3912115311663,-7.32757551622167,179,"S00","SW9","00","RJ","MA"
"HS8 5RA",10,57.3932156304898,-7.36990232137052,179,"S00","SW9","00","RJ","MA"
"HS8 5RB",10,57.3973104391742,-7.3869225390476,179,"S00","SW9","00","RJ","MA"
"HS8 5RD",10,57.3925812814826,-7.39352714018343,179,"S00","SW9","00","RJ","MA"
"HS8 5RE",10,57.3879364601842,-7.40799205237546,179,"S00","SW9","00","RJ","MA"
"HS8 5RF",10,57.3856011230681,-7.42291206856203,179,"S00","SW9","00","RJ","MA"
"HS8 5RG",10,57.3857606526056,-7.36514309189241,179,"S00","SW9","00","RJ","MA"
"HS8 5RH",10,57.3969014906554,-7.33112052547467,179,"S00","SW9","00","RJ","MA"
"HS8 5RJ",10,57.3930184252126,-7.33440525956772,179,"S00","SW9","00","RJ","MA"
"HS8 5RL",10,57.3920952934426,-7.3413041534796,179,"S00","SW9","00","RJ","MA"
"HS8 5RP",10,57.3535637140054,-7.35876661463582,179,"S00","SW9","00","RJ","MA"
"HS8 5RQ",10,57.3922655753339,-7.35104582276795,179,"S00","SW9","00","RJ","MA"
"HS8 5RR",10,57.3322148577551,-7.36262108100078,179,"S00","SW9","00","RJ","MA"
"HS8 5RS",10,57.3240950228754,-7.37088426766899,179,"S00","SW9","00","RJ","MA"
"HS8 5RT",10,57.3109244144923,-7.38232898979637,179,"S00","SW9","00","RJ","MA"
"HS8 5RU",10,57.3911524124954,-7.34083329099189,179,"S00","SW9","00","RJ","MA"
"HS8 5RW",10,57.3529849322232,-7.36494214778868,179,"S00","SW9","00","RJ","MA"
"HS8 5RX",10,57.2024393546159,-7.39961777919948,179,"S00","SW9","00","RJ","MA"
"HS8 5RY",10,57.2112897283156,-7.39723187602189,179,"S00","SW9","00","RJ","MA"
"HS8 5RZ",10,57.2225310936961,-7.41243259576515,179,"S00","SW9","00","RJ","MA"
"HS8 5SA",10,57.2411753001337,-7.39956930147813,179,"S00","SW9","00","RJ","MA"
"HS8 5SB",10,57.258361379099,-7.39274091842808,179,"S00","SW9","00","RJ","MA"
"HS8 5SD",10,57.2764264320294,-7.40123796619315,179,"S00","SW9","00","RJ","MA"
"HS8 5SF",10,57.2902899728388,-7.40134685802195,179,"S00","SW9","00","RJ","MA"
"HS8 5SG",10,57.2894661865729,-7.38576851002794,179,"S00","SW9","00","RJ","MA"
"HS8 5SH",10,57.3011374305231,-7.37341364018452,179,"S00","SW9","00","RJ","MA"
"HS8 5SJ",10,57.2396308618257,-7.36134991384447,179,"S00","SW9","00","RJ","MA"
"HS8 5SL",10,57.2256072648892,-7.35131243796912,179,"S00","SW9","00","RJ","MA"
"HS8 5SN",10,57.2349327187516,-7.33902548435033,179,"S00","SW9","00","RJ","MA"
"HS8 5SQ",10,57.2922013132574,-7.37865619192223,179,"S00","SW9","00","RJ","MA"
"HS8 5SS",10,57.165120412741,-7.37217984649333,179,"S00","SW9","00","RJ","MA"
"HS8 5ST",10,57.1672721121331,-7.36460772500417,179,"S00","SW9","00","RJ","MA"
"HS8 5SU",10,57.1666057684846,-7.36293726922671,179,"S00","SW9","00","RJ","MA"
"HS8 5SX",10,57.1750708092249,-7.37622885528834,179,"S00","SW9","00","RJ","MA"
"HS8 5SY",10,57.1871295496224,-7.39631677312842,179,"S00","SW9","00","RJ","MA"
"HS8 5SZ",10,57.1588931806264,-7.36923724845963,179,"S00","SW9","00","RJ","MA"
"HS8 5TB",10,57.155636492342,-7.38178030402352,179,"S00","SW9","00","RJ","MA"
"HS8 5TD",10,57.1373206998362,-7.38851574269132,179,"S00","SW9","00","RJ","MA"
"HS8 5TE",10,57.1297771869131,-7.37601466819751,179,"S00","SW9","00","RJ","MA"
"HS8 5TF",10,57.1282167445819,-7.36268201300155,179,"S00","SW9","00","RJ","MA"
"HS8 5TG",10,57.1652893022055,-7.36047681026011,179,"S00","SW9","00","RJ","MA"
"HS8 5TH",10,57.156045633595,-7.31536783660679,179,"S00","SW9","00","RJ","MA"
"HS8 5TJ",10,57.1543604141257,-7.3080051177019,179,"S00","SW9","00","RJ","MA"
"HS8 5TL",10,57.1538036311775,-7.30819008231652,179,"S00","SW9","00","RJ","MA"
"HS8 5TN",10,57.1601776318434,-7.33457758315471,179,"S00","SW9","00","RJ","MA"
"HS8 5TP",10,57.1529404250343,-7.30647650920693,179,"S00","SW9","00","RJ","MA"
"HS8 5TR",10,57.1089429491042,-7.3747747085874,179,"S00","SW9","00","RJ","MA"
"HS8 5TS",10,57.1036731951872,-7.33455325812396,179,"S00","SW9","00","RJ","MA"
"HS8 5TT",10,57.1066350006777,-7.36607132004496,179,"S00","SW9","00","RJ","MA"
"HS8 5TU",10,57.1148716678314,-7.37209576815496,179,"S00","SW9","00","RJ","MA"
"HS8 5TW",10,57.1582173360436,-7.31317959221306,179,"S00","SW9","00","RJ","MA"
"HS8 5TX",10,57.1241211840319,-7.37360430107289,179,"S00","SW9","00","RJ","MA"
"HS8 5TY",10,57.1255248304732,-7.36081913740911,179,"S00","SW9","00","RJ","MA"
"HS8 5UB",10,57.136779947671,-7.32845423933015,179,"S00","SW9","00","RJ","MA"
"HS8 5UD",10,57.1377413711548,-7.30477519844926,179,"S00","SW9","00","RJ","MA"
"HS8 5UE",10,57.1144784158377,-7.30182094926859,179,"S00","SW9","00","RJ","MA"
"HS9 5UA",10,56.963065157065,-7.44135464786311,179,"S00","SW9","00","RJ","MA"
"HS9 5UB",10,56.9666636306757,-7.43395556937242,179,"S00","SW9","00","RJ","MA"
"HS9 5UH",10,56.9577569674003,-7.46909310426874,179,"S00","SW9","00","RJ","MA"
"HS9 5UJ",10,56.9539271325277,-7.48170755591628,179,"S00","SW9","00","RJ","MA"
"HS9 5UL",10,56.9525707983242,-7.48144198994902,179,"S00","SW9","00","RJ","MA"
"HS9 5UN",10,56.9621840486277,-7.44628354054087,179,"S00","SW9","00","RJ","MA"
"HS9 5UP",10,56.9678746420783,-7.43528578689062,179,"S00","SW9","00","RJ","MA"
"HS9 5UQ",10,56.9557517300462,-7.48032899034141,179,"S00","SW9","00","RJ","MA"
"HS9 5UR",10,56.9716993651489,-7.42495207401031,179,"S00","SW9","00","RJ","MA"
"HS9 5UT",10,56.987407886824,-7.41346157253365,179,"S00","SW9","00","RJ","MA"
"HS9 5UU",10,56.9819501351438,-7.41293094827722,179,"S00","SW9","00","RJ","MA"
"HS9 5UW",10,56.9647998315412,-7.43294204922227,179,"S00","SW9","00","RJ","MA"
"HS9 5UX",10,56.9960219847343,-7.41633184567939,179,"S00","SW9","00","RJ","MA"
"HS9 5UY",10,56.9960074624479,-7.40213251038067,179,"S00","SW9","00","RJ","MA"
"HS9 5UZ",10,56.9522375866722,-7.48758589503606,179,"S00","SW9","00","RJ","MA"
"HS9 5XA",10,56.9541382862793,-7.48672950043142,179,"S00","SW9","00","RJ","MA"
"HS9 5XB",10,56.9560117648925,-7.49405578077203,179,"S00","SW9","00","RJ","MA"
"HS9 5XD",10,56.9550585442186,-7.48831464807707,179,"S00","SW9","00","RJ","MA"
"HS9 5XE",10,56.9535149176377,-7.49740985905506,179,"S00","SW9","00","RJ","MA"
"HS9 5XF",10,56.9554433070772,-7.49919357703803,179,"S00","SW9","00","RJ","MA"
"HS9 5XG",10,56.9552332387334,-7.49456683178603,179,"S00","SW9","00","RJ","MA"
"HS9 5XH",10,56.9531981640487,-7.49887844212656,179,"S00","SW9","00","RJ","MA"
"HS9 5XJ",10,56.9546287130318,-7.49950152479104,179,"S00","SW9","00","RJ","MA"
"HS9 5XL",10,56.9583660914314,-7.50352957314378,179,"S00","SW9","00","RJ","MA"
"HS9 5XN",10,56.9556758916384,-7.506772276449,179,"S00","SW9","00","RJ","MA"
"HS9 5XP",10,56.9534994590523,-7.49857704208085,179,"S00","SW9","00","RJ","MA"
"HS9 5XQ",10,56.9537681918527,-7.49636013974144,179,"S00","SW9","00","RJ","MA"
"HS9 5XR",10,56.9810841485771,-7.50247317104814,179,"S00","SW9","00","RJ","MA"
"HS9 5XS",10,56.9845647181104,-7.50028459021303,179,"S00","SW9","00","RJ","MA"
"HS9 5XT",10,56.9958498654865,-7.50398262584843,179,"S00","SW9","00","RJ","MA"
"HS9 5XU",10,57.0038667232218,-7.48379417714255,179,"S00","SW9","00","RJ","MA"
"HS9 5XW",10,56.9695867986072,-7.51601555125362,179,"S00","SW9","00","RJ","MA"
"HS9 5XX",10,57.0095664548417,-7.4941702064403,179,"S00","SW9","00","RJ","MA"
"HS9 5XY",10,57.0024018141084,-7.43395171887577,179,"S00","SW9","00","RJ","MA"
"HS9 5XZ",10,57.000708728618,-7.4833611922581,179,"S00","SW9","00","RJ","MA"
"HS9 5YA",10,57.0036289802134,-7.41897426300067,179,"S00","SW9","00","RJ","MA"
"HS9 5YB",10,57.0116731539431,-7.42605319516599,179,"S00","SW9","00","RJ","MA"
"HS9 5YD",10,57.0427786930575,-7.43137670715578,179,"S00","SW9","00","RJ","MA"
"HS9 5YE",10,57.0417136523426,-7.43744504064195,179,"S00","SW9","00","RJ","MA"
"HS9 5YG",10,56.9541382862793,-7.48672950043142,179,"S00","SW9","00","RJ","MA"
"HS9 5YH",10,57.0002868559024,-7.42195015818457,179,"S00","SW9","00","RJ","MA"
"HS9 5YL",10,56.9447062707772,-7.5396501523176,179,"S00","SW9","00","RJ","MA"
"HS9 5YN",10,56.9344333551312,-7.50437317088289,179,"S00","SW9","00","RJ","MA"
"HS9 5YP",10,56.9431949012316,-7.53071421124954,179,"S00","SW9","00","RJ","MA"
"HS9 5YQ",10,56.9999381872499,-7.42417507233113,179,"S00","SW9","00","RJ","MA"
"HS9 5YR",10,57.0330659244373,-7.43494033876352,179,"S00","SW9","00","RJ","MA"
"HS9 5YU",10,56.9193542740351,-7.53696849332653,179,"S00","SW9","00","RJ","MA"
"HS9 5YW",10,56.9195374090682,-7.53750585287211,179,"S00","SW9","00","RJ","MA"
"HS9 5ZE",10,56.9542548007662,-7.49695906938897,179,"S00","SW9","00","RJ","MA"
